series_id,station_id,instrument_id,variable,label,unit,depth_m,sensor_model,logger_port,aggregation,step_min,start,end,n_values,min,max,status,lat,lon,n_gaps_over_24h,qc_notes,source_files
CF_18925_RAIN,CF_18925,CF_18925_RAIN,rain,Pioggia – Pellezzano (CF 18925),mm,,,,sum,10.0,2025-01-01T00:10+01:00,2025-12-31T23:50+01:00,52559,0.0,9.4,active,40.73023,14.757317,0,"Anno 2025 completo (passo 10 min). Totale annuo 2025: 1227 mm (356 m); correlazione giornaliera Cologna–Pellezzano 0.95, Cologna–Salerno G.C. 0.83, Pellezzano–Salerno G.C. 0.75. | Alcuni timestamp con millisecondi spuri (es. 00:10:00.001): arrotondati al minuto.",PELLEZZANO_PLUVIOMETRO_CF_2025.xlsx
CF_18925_RAINCUM,CF_18925,CF_18925_RAIN,rain_cum,Pioggia cumulata dal 1° gennaio – Pellezzano (CF 18925),mm,,,,last,10.0,2025-01-01T00:10+01:00,2025-12-31T23:50+01:00,52559,0.0,1227.4,active,40.73023,14.757317,0,"Serie derivata da CF_18925_RAIN: pioggia cumulata dal 1 gennaio ore 00:00 (si azzera ogni anno), calcolata sui dati con flag < 2. Il dato delle 00:00 del 1 gennaio chiude l'anno precedente. | Totali annui: 2025: 1227.4 mm.",
CF_18957_RAIN,CF_18957,CF_18957_RAIN,rain,Pioggia – Salerno Genio Civile (CF 18957),mm,,,,sum,10.0,2025-01-01T00:10+01:00,2025-12-31T23:50+01:00,52559,0.0,12.0,active,40.679616,14.75201,0,"Anno 2025 completo (passo 10 min). Totale annuo 2025: 987 mm (28 m); correlazione giornaliera Cologna–Pellezzano 0.95, Cologna–Salerno G.C. 0.83, Pellezzano–Salerno G.C. 0.75. | Alcuni timestamp con millisecondi spuri (es. 00:10:00.001): arrotondati al minuto.",SALERNO_GENIO_CIVILE_PLUVIOMETRO_CF_2025.xlsx
CF_18957_RAINCUM,CF_18957,CF_18957_RAIN,rain_cum,Pioggia cumulata dal 1° gennaio – Salerno Genio Civile (CF 18957),mm,,,,last,10.0,2025-01-01T00:10+01:00,2025-12-31T23:50+01:00,52559,0.0,987.4,active,40.679616,14.75201,0,"Serie derivata da CF_18957_RAIN: pioggia cumulata dal 1 gennaio ore 00:00 (si azzera ogni anno), calcolata sui dati con flag < 2. Il dato delle 00:00 del 1 gennaio chiude l'anno precedente. | Totali annui: 2025: 987.4 mm.",
CF_21521_RAIN,CF_21521,CF_21521_RAIN,rain,Pioggia – Cologna (CF 21521),mm,,,,sum,10.0,2025-01-01T00:10+01:00,2025-12-31T23:50+01:00,52475,0.0,11.4,active,40.720981,14.776627,0,"Anno 2025 completo (passo 10 min). Totale annuo 2025: 1167 mm (125 m); correlazione giornaliera Cologna–Pellezzano 0.95, Cologna–Salerno G.C. 0.83, Pellezzano–Salerno G.C. 0.75. | Lacune: 2025-02-12 ~08:10–09:40 (1,5 h) e 2025-11-19 ~10:50–23:40 (12,8 h). | Alcuni timestamp con millisecondi spuri (es. 23:49:59.999): arrotondati al minuto.",COLOGNA_PLUVIOMETRO_CF_2025.xlsx
CF_21521_RAINCUM,CF_21521,CF_21521_RAIN,rain_cum,Pioggia cumulata dal 1° gennaio – Cologna (CF 21521),mm,,,,last,10.0,2025-01-01T00:10+01:00,2025-12-31T23:50+01:00,52475,0.0,1166.6,active,40.720981,14.776627,0,"Serie derivata da CF_21521_RAIN: pioggia cumulata dal 1 gennaio ore 00:00 (si azzera ogni anno), calcolata sui dati con flag < 2. Il dato delle 00:00 del 1 gennaio chiude l'anno precedente. | Totali annui: 2025: 1166.6 mm.",
ERA5_E146_N407_RAIN,ERA5_E146_N407,ERA5_E146_N407_MODEL,rain,Pioggia – ERA5-Land · 14.6°E 40.7°N,mm,,ERA5-Land,,sum,60.0,2024-01-01T01:00+01:00,2025-01-01T00:00+01:00,8784,0.0,10.167,active,40.7,14.6,0,"Pioggia oraria ERA5-Land (total_precipitation_hourly, convertita da m a mm). Ipotesi: il valore si riferisce all'ora che termina al timestamp GEE (convenzione ECMWF), coerente con i pluviometri; da verificare sul confronto con i pluviometri del Centro Funzionale. Valori negativi di arrotondamento numerico azzerati. | Totali annui (dati disponibili): 2024: 1220 mm.",cavasa_ERA5Land_2024.csv
ERA5_E146_N407_RAINCUM,ERA5_E146_N407,ERA5_E146_N407_MODEL,rain_cum,Pioggia cumulata dal 1° gennaio – ERA5-Land · 14.6°E 40.7°N,mm,,,,last,60.0,2024-01-01T01:00+01:00,2025-01-01T00:00+01:00,8784,0.0,1219.9,active,40.7,14.6,0,"Serie derivata da ERA5_E146_N407_RAIN: pioggia cumulata dal 1 gennaio ore 00:00 (si azzera ogni anno), calcolata sui dati con flag < 2. Il dato delle 00:00 del 1 gennaio chiude l'anno precedente. | Totali annui: 2024: 1219.9 mm.",
ERA5_E146_N407_TAIR,ERA5_E146_N407,ERA5_E146_N407_MODEL,t_air,Temperatura dell'aria (2 m) – ERA5-Land · 14.6°E 40.7°N,°C,,ERA5-Land,,mean,60.0,2024-01-01T01:00+01:00,2025-01-01T00:00+01:00,8784,4.63,31.94,active,40.7,14.6,0,"Temperatura dell'aria a 2 m ERA5-Land (convertita da K a °C), valore istantaneo orario del pixel.",cavasa_ERA5Land_2024.csv
ERA5_E146_N407_VWC_007,ERA5_E146_N407,ERA5_E146_N407_MODEL,vwc,Contenuto d'acqua volumetrico 0–7 cm – ERA5-Land · 14.6°E 40.7°N,m3/m3,0.07,ERA5-Land,,mean,60.0,2024-01-01T01:00+01:00,2025-01-01T00:00+01:00,8784,0.1322,0.439,active,40.7,14.6,0,"Contenuto d'acqua stimato dal modello ERA5-Land (strato 0–7 cm) come media del pixel di 0,1° (~9 km): confronto con i sensori in situ solo indicativo (scala e profondità diverse). Valore istantaneo orario.",cavasa_ERA5Land_2024.csv
ERA5_E146_N407_VWC_028,ERA5_E146_N407,ERA5_E146_N407_MODEL,vwc,Contenuto d'acqua volumetrico 7–28 cm – ERA5-Land · 14.6°E 40.7°N,m3/m3,0.28,ERA5-Land,,mean,60.0,2024-01-01T01:00+01:00,2025-01-01T00:00+01:00,8784,0.1522,0.439,active,40.7,14.6,0,"Contenuto d'acqua stimato dal modello ERA5-Land (strato 7–28 cm) come media del pixel di 0,1° (~9 km): confronto con i sensori in situ solo indicativo (scala e profondità diverse). Valore istantaneo orario.",cavasa_ERA5Land_2024.csv
ERA5_E146_N408_RAIN,ERA5_E146_N408,ERA5_E146_N408_MODEL,rain,Pioggia – ERA5-Land · 14.6°E 40.8°N,mm,,ERA5-Land,,sum,60.0,2024-01-01T01:00+01:00,2025-01-01T00:00+01:00,8784,0.0,8.755,active,40.8,14.6,0,"Pioggia oraria ERA5-Land (total_precipitation_hourly, convertita da m a mm). Ipotesi: il valore si riferisce all'ora che termina al timestamp GEE (convenzione ECMWF), coerente con i pluviometri; da verificare sul confronto con i pluviometri del Centro Funzionale. Valori negativi di arrotondamento numerico azzerati. | Totali annui (dati disponibili): 2024: 1197 mm.",cavasa_ERA5Land_2024.csv
ERA5_E146_N408_RAINCUM,ERA5_E146_N408,ERA5_E146_N408_MODEL,rain_cum,Pioggia cumulata dal 1° gennaio – ERA5-Land · 14.6°E 40.8°N,mm,,,,last,60.0,2024-01-01T01:00+01:00,2025-01-01T00:00+01:00,8784,0.0,1196.93,active,40.8,14.6,0,"Serie derivata da ERA5_E146_N408_RAIN: pioggia cumulata dal 1 gennaio ore 00:00 (si azzera ogni anno), calcolata sui dati con flag < 2. Il dato delle 00:00 del 1 gennaio chiude l'anno precedente. | Totali annui: 2024: 1196.9 mm.",
ERA5_E146_N408_TAIR,ERA5_E146_N408,ERA5_E146_N408_MODEL,t_air,Temperatura dell'aria (2 m) – ERA5-Land · 14.6°E 40.8°N,°C,,ERA5-Land,,mean,60.0,2024-01-01T01:00+01:00,2025-01-01T00:00+01:00,8784,1.58,34.25,active,40.8,14.6,0,"Temperatura dell'aria a 2 m ERA5-Land (convertita da K a °C), valore istantaneo orario del pixel.",cavasa_ERA5Land_2024.csv
ERA5_E146_N408_VWC_007,ERA5_E146_N408,ERA5_E146_N408_MODEL,vwc,Contenuto d'acqua volumetrico 0–7 cm – ERA5-Land · 14.6°E 40.8°N,m3/m3,0.07,ERA5-Land,,mean,60.0,2024-01-01T01:00+01:00,2025-01-01T00:00+01:00,8784,0.1364,0.439,active,40.8,14.6,0,"Contenuto d'acqua stimato dal modello ERA5-Land (strato 0–7 cm) come media del pixel di 0,1° (~9 km): confronto con i sensori in situ solo indicativo (scala e profondità diverse). Valore istantaneo orario.",cavasa_ERA5Land_2024.csv
ERA5_E146_N408_VWC_028,ERA5_E146_N408,ERA5_E146_N408_MODEL,vwc,Contenuto d'acqua volumetrico 7–28 cm – ERA5-Land · 14.6°E 40.8°N,m3/m3,0.28,ERA5-Land,,mean,60.0,2024-01-01T01:00+01:00,2025-01-01T00:00+01:00,8784,0.1512,0.439,active,40.8,14.6,0,"Contenuto d'acqua stimato dal modello ERA5-Land (strato 7–28 cm) come media del pixel di 0,1° (~9 km): confronto con i sensori in situ solo indicativo (scala e profondità diverse). Valore istantaneo orario.",cavasa_ERA5Land_2024.csv
ERA5_E147_N407_RAIN,ERA5_E147_N407,ERA5_E147_N407_MODEL,rain,Pioggia – ERA5-Land · 14.7°E 40.7°N,mm,,ERA5-Land,,sum,60.0,2024-01-01T01:00+01:00,2025-01-01T00:00+01:00,8784,0.0,11.966,active,40.7,14.7,0,"Pioggia oraria ERA5-Land (total_precipitation_hourly, convertita da m a mm). Ipotesi: il valore si riferisce all'ora che termina al timestamp GEE (convenzione ECMWF), coerente con i pluviometri; da verificare sul confronto con i pluviometri del Centro Funzionale. Valori negativi di arrotondamento numerico azzerati. | Totali annui (dati disponibili): 2024: 1295 mm.",cavasa_ERA5Land_2024.csv
ERA5_E147_N407_RAINCUM,ERA5_E147_N407,ERA5_E147_N407_MODEL,rain_cum,Pioggia cumulata dal 1° gennaio – ERA5-Land · 14.7°E 40.7°N,mm,,,,last,60.0,2024-01-01T01:00+01:00,2025-01-01T00:00+01:00,8784,0.0,1295.05,active,40.7,14.7,0,"Serie derivata da ERA5_E147_N407_RAIN: pioggia cumulata dal 1 gennaio ore 00:00 (si azzera ogni anno), calcolata sui dati con flag < 2. Il dato delle 00:00 del 1 gennaio chiude l'anno precedente. | Totali annui: 2024: 1295.0 mm.",
ERA5_E147_N407_TAIR,ERA5_E147_N407,ERA5_E147_N407_MODEL,t_air,Temperatura dell'aria (2 m) – ERA5-Land · 14.7°E 40.7°N,°C,,ERA5-Land,,mean,60.0,2024-01-01T01:00+01:00,2025-01-01T00:00+01:00,8784,4.22,33.18,active,40.7,14.7,0,"Temperatura dell'aria a 2 m ERA5-Land (convertita da K a °C), valore istantaneo orario del pixel.",cavasa_ERA5Land_2024.csv
ERA5_E147_N407_VWC_007,ERA5_E147_N407,ERA5_E147_N407_MODEL,vwc,Contenuto d'acqua volumetrico 0–7 cm – ERA5-Land · 14.7°E 40.7°N,m3/m3,0.07,ERA5-Land,,mean,60.0,2024-01-01T01:00+01:00,2025-01-01T00:00+01:00,8784,0.121,0.439,active,40.7,14.7,0,"Contenuto d'acqua stimato dal modello ERA5-Land (strato 0–7 cm) come media del pixel di 0,1° (~9 km): confronto con i sensori in situ solo indicativo (scala e profondità diverse). Valore istantaneo orario.",cavasa_ERA5Land_2024.csv
ERA5_E147_N407_VWC_028,ERA5_E147_N407,ERA5_E147_N407_MODEL,vwc,Contenuto d'acqua volumetrico 7–28 cm – ERA5-Land · 14.7°E 40.7°N,m3/m3,0.28,ERA5-Land,,mean,60.0,2024-01-01T01:00+01:00,2025-01-01T00:00+01:00,8784,0.1519,0.439,active,40.7,14.7,0,"Contenuto d'acqua stimato dal modello ERA5-Land (strato 7–28 cm) come media del pixel di 0,1° (~9 km): confronto con i sensori in situ solo indicativo (scala e profondità diverse). Valore istantaneo orario.",cavasa_ERA5Land_2024.csv
ERA5_E147_N408_RAIN,ERA5_E147_N408,ERA5_E147_N408_MODEL,rain,Pioggia – ERA5-Land · 14.7°E 40.8°N,mm,,ERA5-Land,,sum,60.0,2024-01-01T01:00+01:00,2025-01-01T00:00+01:00,8784,0.0,10.594,active,40.8,14.7,0,"Pioggia oraria ERA5-Land (total_precipitation_hourly, convertita da m a mm). Ipotesi: il valore si riferisce all'ora che termina al timestamp GEE (convenzione ECMWF), coerente con i pluviometri; da verificare sul confronto con i pluviometri del Centro Funzionale. Valori negativi di arrotondamento numerico azzerati. | Totali annui (dati disponibili): 2024: 1269 mm.",cavasa_ERA5Land_2024.csv
ERA5_E147_N408_RAINCUM,ERA5_E147_N408,ERA5_E147_N408_MODEL,rain_cum,Pioggia cumulata dal 1° gennaio – ERA5-Land · 14.7°E 40.8°N,mm,,,,last,60.0,2024-01-01T01:00+01:00,2025-01-01T00:00+01:00,8784,0.0,1268.6,active,40.8,14.7,0,"Serie derivata da ERA5_E147_N408_RAIN: pioggia cumulata dal 1 gennaio ore 00:00 (si azzera ogni anno), calcolata sui dati con flag < 2. Il dato delle 00:00 del 1 gennaio chiude l'anno precedente. | Totali annui: 2024: 1268.6 mm.",
ERA5_E147_N408_TAIR,ERA5_E147_N408,ERA5_E147_N408_MODEL,t_air,Temperatura dell'aria (2 m) – ERA5-Land · 14.7°E 40.8°N,°C,,ERA5-Land,,mean,60.0,2024-01-01T01:00+01:00,2025-01-01T00:00+01:00,8784,0.96,33.89,active,40.8,14.7,0,"Temperatura dell'aria a 2 m ERA5-Land (convertita da K a °C), valore istantaneo orario del pixel.",cavasa_ERA5Land_2024.csv
ERA5_E147_N408_VWC_007,ERA5_E147_N408,ERA5_E147_N408_MODEL,vwc,Contenuto d'acqua volumetrico 0–7 cm – ERA5-Land · 14.7°E 40.8°N,m3/m3,0.07,ERA5-Land,,mean,60.0,2024-01-01T01:00+01:00,2025-01-01T00:00+01:00,8784,0.1366,0.439,active,40.8,14.7,0,"Contenuto d'acqua stimato dal modello ERA5-Land (strato 0–7 cm) come media del pixel di 0,1° (~9 km): confronto con i sensori in situ solo indicativo (scala e profondità diverse). Valore istantaneo orario.",cavasa_ERA5Land_2024.csv
ERA5_E147_N408_VWC_028,ERA5_E147_N408,ERA5_E147_N408_MODEL,vwc,Contenuto d'acqua volumetrico 7–28 cm – ERA5-Land · 14.7°E 40.8°N,m3/m3,0.28,ERA5-Land,,mean,60.0,2024-01-01T01:00+01:00,2025-01-01T00:00+01:00,8784,0.1516,0.439,active,40.8,14.7,0,"Contenuto d'acqua stimato dal modello ERA5-Land (strato 7–28 cm) come media del pixel di 0,1° (~9 km): confronto con i sensori in situ solo indicativo (scala e profondità diverse). Valore istantaneo orario.",cavasa_ERA5Land_2024.csv
ERA5_E148_N407_RAIN,ERA5_E148_N407,ERA5_E148_N407_MODEL,rain,Pioggia – ERA5-Land · 14.8°E 40.7°N,mm,,ERA5-Land,,sum,60.0,2024-01-01T01:00+01:00,2025-01-01T00:00+01:00,8784,0.0,12.439,active,40.7,14.8,0,"Pioggia oraria ERA5-Land (total_precipitation_hourly, convertita da m a mm). Ipotesi: il valore si riferisce all'ora che termina al timestamp GEE (convenzione ECMWF), coerente con i pluviometri; da verificare sul confronto con i pluviometri del Centro Funzionale. Valori negativi di arrotondamento numerico azzerati. | Totali annui (dati disponibili): 2024: 1331 mm.",cavasa_ERA5Land_2024.csv
ERA5_E148_N407_RAINCUM,ERA5_E148_N407,ERA5_E148_N407_MODEL,rain_cum,Pioggia cumulata dal 1° gennaio – ERA5-Land · 14.8°E 40.7°N,mm,,,,last,60.0,2024-01-01T01:00+01:00,2025-01-01T00:00+01:00,8784,0.0,1331.24,active,40.7,14.8,0,"Serie derivata da ERA5_E148_N407_RAIN: pioggia cumulata dal 1 gennaio ore 00:00 (si azzera ogni anno), calcolata sui dati con flag < 2. Il dato delle 00:00 del 1 gennaio chiude l'anno precedente. | Totali annui: 2024: 1331.2 mm.",
ERA5_E148_N407_TAIR,ERA5_E148_N407,ERA5_E148_N407_MODEL,t_air,Temperatura dell'aria (2 m) – ERA5-Land · 14.8°E 40.7°N,°C,,ERA5-Land,,mean,60.0,2024-01-01T01:00+01:00,2025-01-01T00:00+01:00,8784,3.63,34.07,active,40.7,14.8,0,"Temperatura dell'aria a 2 m ERA5-Land (convertita da K a °C), valore istantaneo orario del pixel.",cavasa_ERA5Land_2024.csv
ERA5_E148_N407_VWC_007,ERA5_E148_N407,ERA5_E148_N407_MODEL,vwc,Contenuto d'acqua volumetrico 0–7 cm – ERA5-Land · 14.8°E 40.7°N,m3/m3,0.07,ERA5-Land,,mean,60.0,2024-01-01T01:00+01:00,2025-01-01T00:00+01:00,8784,0.1168,0.439,active,40.7,14.8,0,"Contenuto d'acqua stimato dal modello ERA5-Land (strato 0–7 cm) come media del pixel di 0,1° (~9 km): confronto con i sensori in situ solo indicativo (scala e profondità diverse). Valore istantaneo orario.",cavasa_ERA5Land_2024.csv
ERA5_E148_N407_VWC_028,ERA5_E148_N407,ERA5_E148_N407_MODEL,vwc,Contenuto d'acqua volumetrico 7–28 cm – ERA5-Land · 14.8°E 40.7°N,m3/m3,0.28,ERA5-Land,,mean,60.0,2024-01-01T01:00+01:00,2025-01-01T00:00+01:00,8784,0.1535,0.439,active,40.7,14.8,0,"Contenuto d'acqua stimato dal modello ERA5-Land (strato 7–28 cm) come media del pixel di 0,1° (~9 km): confronto con i sensori in situ solo indicativo (scala e profondità diverse). Valore istantaneo orario.",cavasa_ERA5Land_2024.csv
ERA5_E148_N408_RAIN,ERA5_E148_N408,ERA5_E148_N408_MODEL,rain,Pioggia – ERA5-Land · 14.8°E 40.8°N,mm,,ERA5-Land,,sum,60.0,2024-01-01T01:00+01:00,2025-01-01T00:00+01:00,8784,0.0,10.132,active,40.8,14.8,0,"Pioggia oraria ERA5-Land (total_precipitation_hourly, convertita da m a mm). Ipotesi: il valore si riferisce all'ora che termina al timestamp GEE (convenzione ECMWF), coerente con i pluviometri; da verificare sul confronto con i pluviometri del Centro Funzionale. Valori negativi di arrotondamento numerico azzerati. | Totali annui (dati disponibili): 2024: 1277 mm.",cavasa_ERA5Land_2024.csv
ERA5_E148_N408_RAINCUM,ERA5_E148_N408,ERA5_E148_N408_MODEL,rain_cum,Pioggia cumulata dal 1° gennaio – ERA5-Land · 14.8°E 40.8°N,mm,,,,last,60.0,2024-01-01T01:00+01:00,2025-01-01T00:00+01:00,8784,0.0,1277.1,active,40.8,14.8,0,"Serie derivata da ERA5_E148_N408_RAIN: pioggia cumulata dal 1 gennaio ore 00:00 (si azzera ogni anno), calcolata sui dati con flag < 2. Il dato delle 00:00 del 1 gennaio chiude l'anno precedente. | Totali annui: 2024: 1277.1 mm.",
ERA5_E148_N408_TAIR,ERA5_E148_N408,ERA5_E148_N408_MODEL,t_air,Temperatura dell'aria (2 m) – ERA5-Land · 14.8°E 40.8°N,°C,,ERA5-Land,,mean,60.0,2024-01-01T01:00+01:00,2025-01-01T00:00+01:00,8784,-0.39,35.06,active,40.8,14.8,0,"Temperatura dell'aria a 2 m ERA5-Land (convertita da K a °C), valore istantaneo orario del pixel.",cavasa_ERA5Land_2024.csv
ERA5_E148_N408_VWC_007,ERA5_E148_N408,ERA5_E148_N408_MODEL,vwc,Contenuto d'acqua volumetrico 0–7 cm – ERA5-Land · 14.8°E 40.8°N,m3/m3,0.07,ERA5-Land,,mean,60.0,2024-01-01T01:00+01:00,2025-01-01T00:00+01:00,8784,0.1379,0.439,active,40.8,14.8,0,"Contenuto d'acqua stimato dal modello ERA5-Land (strato 0–7 cm) come media del pixel di 0,1° (~9 km): confronto con i sensori in situ solo indicativo (scala e profondità diverse). Valore istantaneo orario.",cavasa_ERA5Land_2024.csv
ERA5_E148_N408_VWC_028,ERA5_E148_N408,ERA5_E148_N408_MODEL,vwc,Contenuto d'acqua volumetrico 7–28 cm – ERA5-Land · 14.8°E 40.8°N,m3/m3,0.28,ERA5-Land,,mean,60.0,2024-01-01T01:00+01:00,2025-01-01T00:00+01:00,8784,0.1531,0.439,active,40.8,14.8,0,"Contenuto d'acqua stimato dal modello ERA5-Land (strato 7–28 cm) come media del pixel di 0,1° (~9 km): confronto con i sensori in situ solo indicativo (scala e profondità diverse). Valore istantaneo orario.",cavasa_ERA5Land_2024.csv
ERA5_E149_N406_RAIN,ERA5_E149_N406,ERA5_E149_N406_MODEL,rain,Pioggia – ERA5-Land · 14.9°E 40.6°N,mm,,ERA5-Land,,sum,60.0,2024-01-01T01:00+01:00,2025-01-01T00:00+01:00,8784,0.0,10.861,active,40.6,14.9,0,"Pioggia oraria ERA5-Land (total_precipitation_hourly, convertita da m a mm). Ipotesi: il valore si riferisce all'ora che termina al timestamp GEE (convenzione ECMWF), coerente con i pluviometri; da verificare sul confronto con i pluviometri del Centro Funzionale. Valori negativi di arrotondamento numerico azzerati. | Totali annui (dati disponibili): 2024: 1287 mm.",cavasa_ERA5Land_2024.csv
ERA5_E149_N406_RAINCUM,ERA5_E149_N406,ERA5_E149_N406_MODEL,rain_cum,Pioggia cumulata dal 1° gennaio – ERA5-Land · 14.9°E 40.6°N,mm,,,,last,60.0,2024-01-01T01:00+01:00,2025-01-01T00:00+01:00,8784,0.0,1286.74,active,40.6,14.9,0,"Serie derivata da ERA5_E149_N406_RAIN: pioggia cumulata dal 1 gennaio ore 00:00 (si azzera ogni anno), calcolata sui dati con flag < 2. Il dato delle 00:00 del 1 gennaio chiude l'anno precedente. | Totali annui: 2024: 1286.7 mm.",
ERA5_E149_N406_TAIR,ERA5_E149_N406,ERA5_E149_N406_MODEL,t_air,Temperatura dell'aria (2 m) – ERA5-Land · 14.9°E 40.6°N,°C,,ERA5-Land,,mean,60.0,2024-01-01T01:00+01:00,2025-01-01T00:00+01:00,8784,3.88,34.98,active,40.6,14.9,0,"Temperatura dell'aria a 2 m ERA5-Land (convertita da K a °C), valore istantaneo orario del pixel.",cavasa_ERA5Land_2024.csv
ERA5_E149_N406_VWC_007,ERA5_E149_N406,ERA5_E149_N406_MODEL,vwc,Contenuto d'acqua volumetrico 0–7 cm – ERA5-Land · 14.9°E 40.6°N,m3/m3,0.07,ERA5-Land,,mean,60.0,2024-01-01T01:00+01:00,2025-01-01T00:00+01:00,8784,0.1041,0.4303,active,40.6,14.9,0,"Contenuto d'acqua stimato dal modello ERA5-Land (strato 0–7 cm) come media del pixel di 0,1° (~9 km): confronto con i sensori in situ solo indicativo (scala e profondità diverse). Valore istantaneo orario.",cavasa_ERA5Land_2024.csv
ERA5_E149_N406_VWC_028,ERA5_E149_N406,ERA5_E149_N406_MODEL,vwc,Contenuto d'acqua volumetrico 7–28 cm – ERA5-Land · 14.9°E 40.6°N,m3/m3,0.28,ERA5-Land,,mean,60.0,2024-01-01T01:00+01:00,2025-01-01T00:00+01:00,8784,0.1777,0.4303,active,40.6,14.9,0,"Contenuto d'acqua stimato dal modello ERA5-Land (strato 7–28 cm) come media del pixel di 0,1° (~9 km): confronto con i sensori in situ solo indicativo (scala e profondità diverse). Valore istantaneo orario.",cavasa_ERA5Land_2024.csv
ERA5_E149_N407_RAIN,ERA5_E149_N407,ERA5_E149_N407_MODEL,rain,Pioggia – ERA5-Land · 14.9°E 40.7°N,mm,,ERA5-Land,,sum,60.0,2024-01-01T01:00+01:00,2025-01-01T00:00+01:00,8784,0.0,9.56,active,40.7,14.9,0,"Pioggia oraria ERA5-Land (total_precipitation_hourly, convertita da m a mm). Ipotesi: il valore si riferisce all'ora che termina al timestamp GEE (convenzione ECMWF), coerente con i pluviometri; da verificare sul confronto con i pluviometri del Centro Funzionale. Valori negativi di arrotondamento numerico azzerati. | Totali annui (dati disponibili): 2024: 1268 mm.",cavasa_ERA5Land_2024.csv
ERA5_E149_N407_RAINCUM,ERA5_E149_N407,ERA5_E149_N407_MODEL,rain_cum,Pioggia cumulata dal 1° gennaio – ERA5-Land · 14.9°E 40.7°N,mm,,,,last,60.0,2024-01-01T01:00+01:00,2025-01-01T00:00+01:00,8784,0.0,1268.26,active,40.7,14.9,0,"Serie derivata da ERA5_E149_N407_RAIN: pioggia cumulata dal 1 gennaio ore 00:00 (si azzera ogni anno), calcolata sui dati con flag < 2. Il dato delle 00:00 del 1 gennaio chiude l'anno precedente. | Totali annui: 2024: 1268.3 mm.",
ERA5_E149_N407_TAIR,ERA5_E149_N407,ERA5_E149_N407_MODEL,t_air,Temperatura dell'aria (2 m) – ERA5-Land · 14.9°E 40.7°N,°C,,ERA5-Land,,mean,60.0,2024-01-01T01:00+01:00,2025-01-01T00:00+01:00,8784,1.25,34.82,active,40.7,14.9,0,"Temperatura dell'aria a 2 m ERA5-Land (convertita da K a °C), valore istantaneo orario del pixel.",cavasa_ERA5Land_2024.csv
ERA5_E149_N407_VWC_007,ERA5_E149_N407,ERA5_E149_N407_MODEL,vwc,Contenuto d'acqua volumetrico 0–7 cm – ERA5-Land · 14.9°E 40.7°N,m3/m3,0.07,ERA5-Land,,mean,60.0,2024-01-01T01:00+01:00,2025-01-01T00:00+01:00,8784,0.1255,0.439,active,40.7,14.9,0,"Contenuto d'acqua stimato dal modello ERA5-Land (strato 0–7 cm) come media del pixel di 0,1° (~9 km): confronto con i sensori in situ solo indicativo (scala e profondità diverse). Valore istantaneo orario.",cavasa_ERA5Land_2024.csv
ERA5_E149_N407_VWC_028,ERA5_E149_N407,ERA5_E149_N407_MODEL,vwc,Contenuto d'acqua volumetrico 7–28 cm – ERA5-Land · 14.9°E 40.7°N,m3/m3,0.28,ERA5-Land,,mean,60.0,2024-01-01T01:00+01:00,2025-01-01T00:00+01:00,8784,0.1544,0.439,active,40.7,14.9,0,"Contenuto d'acqua stimato dal modello ERA5-Land (strato 7–28 cm) come media del pixel di 0,1° (~9 km): confronto con i sensori in situ solo indicativo (scala e profondità diverse). Valore istantaneo orario.",cavasa_ERA5Land_2024.csv
ERA5_E149_N408_RAIN,ERA5_E149_N408,ERA5_E149_N408_MODEL,rain,Pioggia – ERA5-Land · 14.9°E 40.8°N,mm,,ERA5-Land,,sum,60.0,2024-01-01T01:00+01:00,2025-01-01T00:00+01:00,8784,0.0,8.288,active,40.8,14.9,0,"Pioggia oraria ERA5-Land (total_precipitation_hourly, convertita da m a mm). Ipotesi: il valore si riferisce all'ora che termina al timestamp GEE (convenzione ECMWF), coerente con i pluviometri; da verificare sul confronto con i pluviometri del Centro Funzionale. Valori negativi di arrotondamento numerico azzerati. | Totali annui (dati disponibili): 2024: 1223 mm.",cavasa_ERA5Land_2024.csv
ERA5_E149_N408_RAINCUM,ERA5_E149_N408,ERA5_E149_N408_MODEL,rain_cum,Pioggia cumulata dal 1° gennaio – ERA5-Land · 14.9°E 40.8°N,mm,,,,last,60.0,2024-01-01T01:00+01:00,2025-01-01T00:00+01:00,8784,0.0,1222.62,active,40.8,14.9,0,"Serie derivata da ERA5_E149_N408_RAIN: pioggia cumulata dal 1 gennaio ore 00:00 (si azzera ogni anno), calcolata sui dati con flag < 2. Il dato delle 00:00 del 1 gennaio chiude l'anno precedente. | Totali annui: 2024: 1222.6 mm.",
ERA5_E149_N408_TAIR,ERA5_E149_N408,ERA5_E149_N408_MODEL,t_air,Temperatura dell'aria (2 m) – ERA5-Land · 14.9°E 40.8°N,°C,,ERA5-Land,,mean,60.0,2024-01-01T01:00+01:00,2025-01-01T00:00+01:00,8784,-1.68,35.04,active,40.8,14.9,0,"Temperatura dell'aria a 2 m ERA5-Land (convertita da K a °C), valore istantaneo orario del pixel.",cavasa_ERA5Land_2024.csv
ERA5_E149_N408_VWC_007,ERA5_E149_N408,ERA5_E149_N408_MODEL,vwc,Contenuto d'acqua volumetrico 0–7 cm – ERA5-Land · 14.9°E 40.8°N,m3/m3,0.07,ERA5-Land,,mean,60.0,2024-01-01T01:00+01:00,2025-01-01T00:00+01:00,8784,0.1351,0.439,active,40.8,14.9,0,"Contenuto d'acqua stimato dal modello ERA5-Land (strato 0–7 cm) come media del pixel di 0,1° (~9 km): confronto con i sensori in situ solo indicativo (scala e profondità diverse). Valore istantaneo orario.",cavasa_ERA5Land_2024.csv
ERA5_E149_N408_VWC_028,ERA5_E149_N408,ERA5_E149_N408_MODEL,vwc,Contenuto d'acqua volumetrico 7–28 cm – ERA5-Land · 14.9°E 40.8°N,m3/m3,0.28,ERA5-Land,,mean,60.0,2024-01-01T01:00+01:00,2025-01-01T00:00+01:00,8784,0.1547,0.439,active,40.8,14.9,0,"Contenuto d'acqua stimato dal modello ERA5-Land (strato 7–28 cm) come media del pixel di 0,1° (~9 km): confronto con i sensori in situ solo indicativo (scala e profondità diverse). Valore istantaneo orario.",cavasa_ERA5Land_2024.csv
SAL_NV_PSI_015,SAL_NV,SAL_NV_METER,psi,Potenziale matriciale 15 cm – Salerno – Meter NV,kPa,0.15,TEROS 21,5.0,mean,5.0,2025-01-31T12:40+01:00,2025-12-31T23:55+01:00,96198,-3291.5,-0.1,active,40.6930886,14.7605388,0,"Registrazioni dal 2025-01-31 (installazione). In estate il terreno superficiale raggiunge valori molto negativi (fino a circa -3000 kPa): oltre i -100 kPa il TEROS 21 è fuori dall'intervallo di accuratezza dichiarato, i valori sono indicativi. Le rapide risalite (es. 2025-09-11, 2025-10-23) sono fronti di bagnamento reali dopo la pioggia, non spike. | Gap 2025-12-18 ~02:40 (10,7 h) condiviso da tutte le serie della stazione.",Salerno_Meter_NV_2025.xlsx
SAL_NV_PSI_030,SAL_NV,SAL_NV_METER,psi,Potenziale matriciale 30 cm – Salerno – Meter NV,kPa,0.3,TEROS 21,6.0,mean,5.0,2025-01-31T12:40+01:00,2025-12-31T23:55+01:00,96198,-1718.3,-0.1,active,40.6930886,14.7605388,0,"Registrazioni dal 2025-01-31 (installazione). In estate il terreno superficiale raggiunge valori molto negativi (fino a circa -3000 kPa): oltre i -100 kPa il TEROS 21 è fuori dall'intervallo di accuratezza dichiarato, i valori sono indicativi. Le rapide risalite (es. 2025-09-11, 2025-10-23) sono fronti di bagnamento reali dopo la pioggia, non spike.",Salerno_Meter_NV_2025.xlsx
SAL_NV_PSI_060,SAL_NV,SAL_NV_METER,psi,Potenziale matriciale 60 cm – Salerno – Meter NV,kPa,0.6,TEROS 21,4.0,mean,5.0,2025-01-31T12:40+01:00,2025-12-31T23:55+01:00,96198,-1372.4,-0.4,active,40.6930886,14.7605388,0,"Registrazioni dal 2025-01-31 (installazione). In estate il terreno superficiale raggiunge valori molto negativi (fino a circa -3000 kPa): oltre i -100 kPa il TEROS 21 è fuori dall'intervallo di accuratezza dichiarato, i valori sono indicativi. Le rapide risalite (es. 2025-09-11, 2025-10-23) sono fronti di bagnamento reali dopo la pioggia, non spike.",Salerno_Meter_NV_2025.xlsx
SAL_NV_TSOIL_015,SAL_NV,SAL_NV_METER,t_soil,Temperatura del terreno 15 cm – Salerno – Meter NV,°C,0.15,TEROS 21,5.0,mean,5.0,2025-01-31T12:40+01:00,2025-12-31T23:55+01:00,96198,7.1,40.0,active,40.6930886,14.7605388,0,Registrazioni dal 2025-01-31 (installazione).,Salerno_Meter_NV_2025.xlsx
SAL_NV_TSOIL_030,SAL_NV,SAL_NV_METER,t_soil,Temperatura del terreno 30 cm – Salerno – Meter NV,°C,0.3,TEROS 21,6.0,mean,5.0,2025-01-31T12:40+01:00,2025-12-31T23:55+01:00,96198,11.0,30.5,active,40.6930886,14.7605388,0,Registrazioni dal 2025-01-31 (installazione).,Salerno_Meter_NV_2025.xlsx
SAL_NV_TSOIL_060,SAL_NV,SAL_NV_METER,t_soil,Temperatura del terreno 60 cm – Salerno – Meter NV,°C,0.6,TEROS 21,4.0,mean,5.0,2025-01-31T12:40+01:00,2025-12-31T23:55+01:00,96198,13.4,28.3,active,40.6930886,14.7605388,0,Registrazioni dal 2025-01-31 (installazione).,Salerno_Meter_NV_2025.xlsx
SAL_NV_VWC_015,SAL_NV,SAL_NV_METER,vwc,Contenuto d'acqua volumetrico 15 cm – Salerno – Meter NV,m3/m3,0.15,TEROS 10,1.0,mean,5.0,2025-01-31T12:40+01:00,2025-12-31T23:55+01:00,96198,0.02,0.259,active,40.6930886,14.7605388,0,Registrazioni dal 2025-01-31 (installazione).,Salerno_Meter_NV_2025.xlsx
SAL_NV_VWC_030,SAL_NV,SAL_NV_METER,vwc,Contenuto d'acqua volumetrico 30 cm – Salerno – Meter NV,m3/m3,0.3,TEROS 10,3.0,mean,5.0,2025-01-31T12:40+01:00,2025-12-31T23:55+01:00,96198,0.051,0.383,active,40.6930886,14.7605388,0,Registrazioni dal 2025-01-31 (installazione).,Salerno_Meter_NV_2025.xlsx
SAL_NV_VWC_060,SAL_NV,SAL_NV_METER,vwc,Contenuto d'acqua volumetrico 60 cm – Salerno – Meter NV,m3/m3,0.6,TEROS 10,2.0,mean,5.0,2025-01-31T12:40+01:00,2025-12-31T23:55+01:00,96198,0.108,0.315,active,40.6930886,14.7605388,0,Registrazioni dal 2025-01-31 (installazione).,Salerno_Meter_NV_2025.xlsx
SAL_V_PSI_015,SAL_V,SAL_V_METER,psi,Potenziale matriciale 15 cm – Salerno – Meter V,kPa,0.15,TEROS 21,6.0,mean,5.0,2025-01-31T14:30+01:00,2025-12-31T23:55+01:00,96004,-2306.7,-0.1,active,40.6931392,14.7605476,1,"Registrazioni dal 2025-01-31 (installazione). In estate il terreno superficiale raggiunge valori molto negativi (fino a circa -3000 kPa): oltre i -100 kPa il TEROS 21 è fuori dall'intervallo di accuratezza dichiarato, i valori sono indicativi. Le rapide risalite (es. 2025-09-11, 2025-10-23) sono fronti di bagnamento reali dopo la pioggia, non spike. | Gap 2025-12-17 16:20 – 2025-12-18 17:25 (25 h) condiviso da tutte le serie della stazione.",Salerno_Meter_V_2025.xlsx
SAL_V_PSI_035,SAL_V,SAL_V_METER,psi,Potenziale matriciale 35 cm – Salerno – Meter V,kPa,0.35,TEROS 21,3.0,mean,5.0,2025-01-31T14:30+01:00,2025-12-31T23:55+01:00,96004,-2131.5,-1.6,active,40.6931392,14.7605476,1,"Registrazioni dal 2025-01-31 (installazione). In estate il terreno superficiale raggiunge valori molto negativi (fino a circa -3000 kPa): oltre i -100 kPa il TEROS 21 è fuori dall'intervallo di accuratezza dichiarato, i valori sono indicativi. Le rapide risalite (es. 2025-09-11, 2025-10-23) sono fronti di bagnamento reali dopo la pioggia, non spike.",Salerno_Meter_V_2025.xlsx
SAL_V_PSI_060,SAL_V,SAL_V_METER,psi,Potenziale matriciale 60 cm – Salerno – Meter V,kPa,0.6,TEROS 21,5.0,mean,5.0,2025-01-31T14:30+01:00,2025-12-31T23:55+01:00,96004,-1952.1,-5.4,active,40.6931392,14.7605476,1,"Registrazioni dal 2025-01-31 (installazione). In estate il terreno superficiale raggiunge valori molto negativi (fino a circa -3000 kPa): oltre i -100 kPa il TEROS 21 è fuori dall'intervallo di accuratezza dichiarato, i valori sono indicativi. Le rapide risalite (es. 2025-09-11, 2025-10-23) sono fronti di bagnamento reali dopo la pioggia, non spike.",Salerno_Meter_V_2025.xlsx
SAL_V_TSOIL_015,SAL_V,SAL_V_METER,t_soil,Temperatura del terreno 15 cm – Salerno – Meter V,°C,0.15,TEROS 21,6.0,mean,5.0,2025-01-31T14:30+01:00,2025-12-31T23:55+01:00,96004,8.4,24.6,active,40.6931392,14.7605476,1,Registrazioni dal 2025-01-31 (installazione).,Salerno_Meter_V_2025.xlsx
SAL_V_TSOIL_035,SAL_V,SAL_V_METER,t_soil,Temperatura del terreno 35 cm – Salerno – Meter V,°C,0.35,TEROS 21,3.0,mean,5.0,2025-01-31T14:30+01:00,2025-12-31T23:55+01:00,96004,12.0,22.8,active,40.6931392,14.7605476,1,Registrazioni dal 2025-01-31 (installazione).,Salerno_Meter_V_2025.xlsx
SAL_V_TSOIL_060,SAL_V,SAL_V_METER,t_soil,Temperatura del terreno 60 cm – Salerno – Meter V,°C,0.6,TEROS 21,5.0,mean,5.0,2025-01-31T14:30+01:00,2025-12-31T23:55+01:00,96004,13.2,19.5,active,40.6931392,14.7605476,1,Registrazioni dal 2025-01-31 (installazione).,Salerno_Meter_V_2025.xlsx
SAL_V_VWC_015,SAL_V,SAL_V_METER,vwc,Contenuto d'acqua volumetrico 15 cm – Salerno – Meter V,m3/m3,0.15,TEROS 10,4.0,mean,5.0,2025-01-31T14:30+01:00,2025-12-31T23:55+01:00,96004,0.016,0.162,active,40.6931392,14.7605476,1,Registrazioni dal 2025-01-31 (installazione).,Salerno_Meter_V_2025.xlsx
SAL_V_VWC_035,SAL_V,SAL_V_METER,vwc,Contenuto d'acqua volumetrico 35 cm – Salerno – Meter V,m3/m3,0.35,TEROS 10,2.0,mean,5.0,2025-01-31T14:30+01:00,2025-12-31T23:55+01:00,96004,0.052,0.21,active,40.6931392,14.7605476,1,Registrazioni dal 2025-01-31 (installazione).,Salerno_Meter_V_2025.xlsx
SAL_V_VWC_060,SAL_V,SAL_V_METER,vwc,Contenuto d'acqua volumetrico 60 cm – Salerno – Meter V,m3/m3,0.6,TEROS 10,1.0,mean,5.0,2025-01-31T14:30+01:00,2025-12-31T23:55+01:00,96004,0.025,0.179,active,40.6931392,14.7605476,1,Registrazioni dal 2025-01-31 (installazione).,Salerno_Meter_V_2025.xlsx
SMAP_E1464_N4062_VWC_005,SMAP_E1464_N4062,SMAP_E1464_N4062_MODEL,vwc,Contenuto d'acqua volumetrico 0–5 cm – SMAP L4 · 14.64°E 40.62°N,m3/m3,0.05,SMAP L4,,mean,180.0,2024-01-01T02:30+01:00,2024-12-31T23:30+01:00,2928,0.0596,0.3847,active,40.6186,14.6436,0,Contenuto d'acqua SMAP L4 (strato 0–5 cm) come media del pixel (~9 km) su intervalli di 3 h; l'etichetta temporale è il punto medio dell'intervallo. Confronto con i sensori in situ solo indicativo. Strato 'profilo intero': dalla superficie al substrato del modello (profondità variabile).,cavasa_SMAP_L4_2024.csv
SMAP_E1464_N4062_VWC_100,SMAP_E1464_N4062,SMAP_E1464_N4062_MODEL,vwc,Contenuto d'acqua volumetrico 0–100 cm – SMAP L4 · 14.64°E 40.62°N,m3/m3,1.0,SMAP L4,,mean,180.0,2024-01-01T02:30+01:00,2024-12-31T23:30+01:00,2928,0.1358,0.3477,active,40.6186,14.6436,0,Contenuto d'acqua SMAP L4 (strato 0–100 cm) come media del pixel (~9 km) su intervalli di 3 h; l'etichetta temporale è il punto medio dell'intervallo. Confronto con i sensori in situ solo indicativo. Strato 'profilo intero': dalla superficie al substrato del modello (profondità variabile).,cavasa_SMAP_L4_2024.csv
SMAP_E1464_N4062_VWC_PRF,SMAP_E1464_N4062,SMAP_E1464_N4062_MODEL,vwc,Contenuto d'acqua volumetrico profilo intero – SMAP L4 · 14.64°E 40.62°N,m3/m3,,SMAP L4,,mean,180.0,2024-01-01T02:30+01:00,2024-12-31T23:30+01:00,2928,0.1341,0.3266,active,40.6186,14.6436,0,Contenuto d'acqua SMAP L4 (strato profilo intero) come media del pixel (~9 km) su intervalli di 3 h; l'etichetta temporale è il punto medio dell'intervallo. Confronto con i sensori in situ solo indicativo. Strato 'profilo intero': dalla superficie al substrato del modello (profondità variabile).,cavasa_SMAP_L4_2024.csv
SMAP_E1464_N4074_VWC_005,SMAP_E1464_N4074,SMAP_E1464_N4074_MODEL,vwc,Contenuto d'acqua volumetrico 0–5 cm – SMAP L4 · 14.64°E 40.74°N,m3/m3,0.05,SMAP L4,,mean,180.0,2024-01-01T02:30+01:00,2024-12-31T23:30+01:00,2928,0.0406,0.3401,active,40.7398,14.6436,0,Contenuto d'acqua SMAP L4 (strato 0–5 cm) come media del pixel (~9 km) su intervalli di 3 h; l'etichetta temporale è il punto medio dell'intervallo. Confronto con i sensori in situ solo indicativo. Strato 'profilo intero': dalla superficie al substrato del modello (profondità variabile).,cavasa_SMAP_L4_2024.csv
SMAP_E1464_N4074_VWC_100,SMAP_E1464_N4074,SMAP_E1464_N4074_MODEL,vwc,Contenuto d'acqua volumetrico 0–100 cm – SMAP L4 · 14.64°E 40.74°N,m3/m3,1.0,SMAP L4,,mean,180.0,2024-01-01T02:30+01:00,2024-12-31T23:30+01:00,2928,0.0779,0.2857,active,40.7398,14.6436,0,Contenuto d'acqua SMAP L4 (strato 0–100 cm) come media del pixel (~9 km) su intervalli di 3 h; l'etichetta temporale è il punto medio dell'intervallo. Confronto con i sensori in situ solo indicativo. Strato 'profilo intero': dalla superficie al substrato del modello (profondità variabile).,cavasa_SMAP_L4_2024.csv
SMAP_E1464_N4074_VWC_PRF,SMAP_E1464_N4074,SMAP_E1464_N4074_MODEL,vwc,Contenuto d'acqua volumetrico profilo intero – SMAP L4 · 14.64°E 40.74°N,m3/m3,,SMAP L4,,mean,180.0,2024-01-01T02:30+01:00,2024-12-31T23:30+01:00,2928,0.0775,0.2718,active,40.7398,14.6436,0,Contenuto d'acqua SMAP L4 (strato profilo intero) come media del pixel (~9 km) su intervalli di 3 h; l'etichetta temporale è il punto medio dell'intervallo. Confronto con i sensori in situ solo indicativo. Strato 'profilo intero': dalla superficie al substrato del modello (profondità variabile).,cavasa_SMAP_L4_2024.csv
SMAP_E1472_N4062_VWC_005,SMAP_E1472_N4062,SMAP_E1472_N4062_MODEL,vwc,Contenuto d'acqua volumetrico 0–5 cm – SMAP L4 · 14.72°E 40.62°N,m3/m3,0.05,SMAP L4,,mean,180.0,2024-01-01T02:30+01:00,2024-12-31T23:30+01:00,2928,0.0553,0.3903,active,40.6186,14.7244,0,Contenuto d'acqua SMAP L4 (strato 0–5 cm) come media del pixel (~9 km) su intervalli di 3 h; l'etichetta temporale è il punto medio dell'intervallo. Confronto con i sensori in situ solo indicativo. Strato 'profilo intero': dalla superficie al substrato del modello (profondità variabile).,cavasa_SMAP_L4_2024.csv
SMAP_E1472_N4062_VWC_100,SMAP_E1472_N4062,SMAP_E1472_N4062_MODEL,vwc,Contenuto d'acqua volumetrico 0–100 cm – SMAP L4 · 14.72°E 40.62°N,m3/m3,1.0,SMAP L4,,mean,180.0,2024-01-01T02:30+01:00,2024-12-31T23:30+01:00,2928,0.1315,0.3518,active,40.6186,14.7244,0,Contenuto d'acqua SMAP L4 (strato 0–100 cm) come media del pixel (~9 km) su intervalli di 3 h; l'etichetta temporale è il punto medio dell'intervallo. Confronto con i sensori in situ solo indicativo. Strato 'profilo intero': dalla superficie al substrato del modello (profondità variabile).,cavasa_SMAP_L4_2024.csv
SMAP_E1472_N4062_VWC_PRF,SMAP_E1472_N4062,SMAP_E1472_N4062_MODEL,vwc,Contenuto d'acqua volumetrico profilo intero – SMAP L4 · 14.72°E 40.62°N,m3/m3,,SMAP L4,,mean,180.0,2024-01-01T02:30+01:00,2024-12-31T23:30+01:00,2928,0.1307,0.3303,active,40.6186,14.7244,0,Contenuto d'acqua SMAP L4 (strato profilo intero) come media del pixel (~9 km) su intervalli di 3 h; l'etichetta temporale è il punto medio dell'intervallo. Confronto con i sensori in situ solo indicativo. Strato 'profilo intero': dalla superficie al substrato del modello (profondità variabile).,cavasa_SMAP_L4_2024.csv
SMAP_E1472_N4074_VWC_005,SMAP_E1472_N4074,SMAP_E1472_N4074_MODEL,vwc,Contenuto d'acqua volumetrico 0–5 cm – SMAP L4 · 14.72°E 40.74°N,m3/m3,0.05,SMAP L4,,mean,180.0,2024-01-01T02:30+01:00,2024-12-31T23:30+01:00,2928,0.0531,0.3936,active,40.7398,14.7244,0,Contenuto d'acqua SMAP L4 (strato 0–5 cm) come media del pixel (~9 km) su intervalli di 3 h; l'etichetta temporale è il punto medio dell'intervallo. Confronto con i sensori in situ solo indicativo. Strato 'profilo intero': dalla superficie al substrato del modello (profondità variabile).,cavasa_SMAP_L4_2024.csv
SMAP_E1472_N4074_VWC_100,SMAP_E1472_N4074,SMAP_E1472_N4074_MODEL,vwc,Contenuto d'acqua volumetrico 0–100 cm – SMAP L4 · 14.72°E 40.74°N,m3/m3,1.0,SMAP L4,,mean,180.0,2024-01-01T02:30+01:00,2024-12-31T23:30+01:00,2928,0.1338,0.3634,active,40.7398,14.7244,0,Contenuto d'acqua SMAP L4 (strato 0–100 cm) come media del pixel (~9 km) su intervalli di 3 h; l'etichetta temporale è il punto medio dell'intervallo. Confronto con i sensori in situ solo indicativo. Strato 'profilo intero': dalla superficie al substrato del modello (profondità variabile).,cavasa_SMAP_L4_2024.csv
SMAP_E1472_N4074_VWC_PRF,SMAP_E1472_N4074,SMAP_E1472_N4074_MODEL,vwc,Contenuto d'acqua volumetrico profilo intero – SMAP L4 · 14.72°E 40.74°N,m3/m3,,SMAP L4,,mean,180.0,2024-01-01T02:30+01:00,2024-12-31T23:30+01:00,2928,0.1328,0.3405,active,40.7398,14.7244,0,Contenuto d'acqua SMAP L4 (strato profilo intero) come media del pixel (~9 km) su intervalli di 3 h; l'etichetta temporale è il punto medio dell'intervallo. Confronto con i sensori in situ solo indicativo. Strato 'profilo intero': dalla superficie al substrato del modello (profondità variabile).,cavasa_SMAP_L4_2024.csv
SMAP_E1485_N4062_VWC_005,SMAP_E1485_N4062,SMAP_E1485_N4062_MODEL,vwc,Contenuto d'acqua volumetrico 0–5 cm – SMAP L4 · 14.85°E 40.62°N,m3/m3,0.05,SMAP L4,,mean,180.0,2024-01-01T02:30+01:00,2024-12-31T23:30+01:00,2928,0.0725,0.4022,active,40.6186,14.8457,0,Contenuto d'acqua SMAP L4 (strato 0–5 cm) come media del pixel (~9 km) su intervalli di 3 h; l'etichetta temporale è il punto medio dell'intervallo. Confronto con i sensori in situ solo indicativo. Strato 'profilo intero': dalla superficie al substrato del modello (profondità variabile).,cavasa_SMAP_L4_2024.csv
SMAP_E1485_N4062_VWC_100,SMAP_E1485_N4062,SMAP_E1485_N4062_MODEL,vwc,Contenuto d'acqua volumetrico 0–100 cm – SMAP L4 · 14.85°E 40.62°N,m3/m3,1.0,SMAP L4,,mean,180.0,2024-01-01T02:30+01:00,2024-12-31T23:30+01:00,2928,0.162,0.3836,active,40.6186,14.8457,0,Contenuto d'acqua SMAP L4 (strato 0–100 cm) come media del pixel (~9 km) su intervalli di 3 h; l'etichetta temporale è il punto medio dell'intervallo. Confronto con i sensori in situ solo indicativo. Strato 'profilo intero': dalla superficie al substrato del modello (profondità variabile).,cavasa_SMAP_L4_2024.csv
SMAP_E1485_N4062_VWC_PRF,SMAP_E1485_N4062,SMAP_E1485_N4062_MODEL,vwc,Contenuto d'acqua volumetrico profilo intero – SMAP L4 · 14.85°E 40.62°N,m3/m3,,SMAP L4,,mean,180.0,2024-01-01T02:30+01:00,2024-12-31T23:30+01:00,2928,0.1601,0.3597,active,40.6186,14.8457,0,Contenuto d'acqua SMAP L4 (strato profilo intero) come media del pixel (~9 km) su intervalli di 3 h; l'etichetta temporale è il punto medio dell'intervallo. Confronto con i sensori in situ solo indicativo. Strato 'profilo intero': dalla superficie al substrato del modello (profondità variabile).,cavasa_SMAP_L4_2024.csv
SMAP_E1485_N4074_VWC_005,SMAP_E1485_N4074,SMAP_E1485_N4074_MODEL,vwc,Contenuto d'acqua volumetrico 0–5 cm – SMAP L4 · 14.85°E 40.74°N,m3/m3,0.05,SMAP L4,,mean,180.0,2024-01-01T02:30+01:00,2024-12-31T23:30+01:00,2928,0.0624,0.3897,active,40.7398,14.8457,0,Contenuto d'acqua SMAP L4 (strato 0–5 cm) come media del pixel (~9 km) su intervalli di 3 h; l'etichetta temporale è il punto medio dell'intervallo. Confronto con i sensori in situ solo indicativo. Strato 'profilo intero': dalla superficie al substrato del modello (profondità variabile).,cavasa_SMAP_L4_2024.csv
SMAP_E1485_N4074_VWC_100,SMAP_E1485_N4074,SMAP_E1485_N4074_MODEL,vwc,Contenuto d'acqua volumetrico 0–100 cm – SMAP L4 · 14.85°E 40.74°N,m3/m3,1.0,SMAP L4,,mean,180.0,2024-01-01T02:30+01:00,2024-12-31T23:30+01:00,2928,0.1398,0.3651,active,40.7398,14.8457,0,Contenuto d'acqua SMAP L4 (strato 0–100 cm) come media del pixel (~9 km) su intervalli di 3 h; l'etichetta temporale è il punto medio dell'intervallo. Confronto con i sensori in situ solo indicativo. Strato 'profilo intero': dalla superficie al substrato del modello (profondità variabile).,cavasa_SMAP_L4_2024.csv
SMAP_E1485_N4074_VWC_PRF,SMAP_E1485_N4074,SMAP_E1485_N4074_MODEL,vwc,Contenuto d'acqua volumetrico profilo intero – SMAP L4 · 14.85°E 40.74°N,m3/m3,,SMAP L4,,mean,180.0,2024-01-01T02:30+01:00,2024-12-31T23:30+01:00,2928,0.1384,0.3424,active,40.7398,14.8457,0,Contenuto d'acqua SMAP L4 (strato profilo intero) come media del pixel (~9 km) su intervalli di 3 h; l'etichetta temporale è il punto medio dell'intervallo. Confronto con i sensori in situ solo indicativo. Strato 'profilo intero': dalla superficie al substrato del modello (profondità variabile).,cavasa_SMAP_L4_2024.csv
