time,value,max,n,coverage
2024-01-01 00:00,9.809,0.8,24,1.0
2024-01-02 00:00,1.839,0.255,24,1.0
2024-01-03 00:00,3.575,0.25,24,1.0
2024-01-04 00:00,3.195,0.438,24,1.0
2024-01-05 00:00,0.681,0.108,24,1.0
2024-01-06 00:00,13.473,2.003,24,1.0
2024-01-07 00:00,32.218,2.855,24,1.0
2024-01-08 00:00,15.776,1.927,24,1.0
2024-01-09 00:00,0.17,0.029,24,1.0
2024-01-10 00:00,0.002,0.001,24,1.0
2024-01-11 00:00,1.326,0.402,24,1.0
2024-01-12 00:00,0.014,0.003,24,1.0
2024-01-13 00:00,0.0,0.0,24,1.0
2024-01-14 00:00,5.646,0.611,24,1.0
2024-01-15 00:00,15.128,1.711,24,1.0
2024-01-16 00:00,4.608,0.527,24,1.0
2024-01-17 00:00,9.017,1.024,24,1.0
2024-01-18 00:00,15.796,2.579,24,1.0
2024-01-19 00:00,6.107,0.566,24,1.0
2024-01-20 00:00,28.132,3.001,24,1.0
2024-01-21 00:00,0.0,0.0,24,1.0
2024-01-22 00:00,0.002,0.001,24,1.0
2024-01-23 00:00,1.936,0.449,24,1.0
2024-01-24 00:00,0.0,0.0,24,1.0
2024-01-25 00:00,0.3,0.105,24,1.0
2024-01-26 00:00,0.0,0.0,24,1.0
2024-01-27 00:00,0.006,0.001,24,1.0
2024-01-28 00:00,0.0,0.0,24,1.0
2024-01-29 00:00,0.002,0.001,24,1.0
2024-01-30 00:00,0.001,0.001,24,1.0
2024-01-31 00:00,0.0,0.0,24,1.0
2024-02-01 00:00,0.039,0.011,24,1.0
2024-02-02 00:00,0.001,0.001,24,1.0
2024-02-03 00:00,0.002,0.001,24,1.0
2024-02-04 00:00,0.217,0.048,24,1.0
2024-02-05 00:00,0.27,0.033,24,1.0
2024-02-06 00:00,0.211,0.049,24,1.0
2024-02-07 00:00,0.152,0.034,24,1.0
2024-02-08 00:00,2.957,0.28,24,1.0
2024-02-09 00:00,1.146,0.246,24,1.0
2024-02-10 00:00,32.82,4.595,24,1.0
2024-02-11 00:00,55.223,4.231,24,1.0
2024-02-12 00:00,5.745,1.077,24,1.0
2024-02-13 00:00,0.324,0.154,24,1.0
2024-02-14 00:00,0.002,0.001,24,1.0
2024-02-15 00:00,0.001,0.001,24,1.0
2024-02-16 00:00,0.0,0.0,24,1.0
2024-02-17 00:00,0.002,0.001,24,1.0
2024-02-18 00:00,0.112,0.036,24,1.0
2024-02-19 00:00,0.871,0.073,24,1.0
2024-02-20 00:00,0.561,0.112,24,1.0
2024-02-21 00:00,0.003,0.002,24,1.0
2024-02-22 00:00,0.12,0.035,24,1.0
2024-02-23 00:00,12.504,4.357,24,1.0
2024-02-24 00:00,13.162,4.131,24,1.0
2024-02-25 00:00,8.079,0.74,24,1.0
2024-02-26 00:00,0.003,0.001,24,1.0
2024-02-27 00:00,0.0,0.0,24,1.0
2024-02-28 00:00,0.742,0.232,24,1.0
2024-02-29 00:00,19.064,3.325,24,1.0
2024-03-01 00:00,9.381,1.303,24,1.0
2024-03-02 00:00,4.638,0.921,24,1.0
2024-03-03 00:00,3.041,2.265,24,1.0
2024-03-04 00:00,18.686,2.787,24,1.0
2024-03-05 00:00,0.75,0.216,24,1.0
2024-03-06 00:00,5.762,1.809,24,1.0
2024-03-07 00:00,7.433,1.509,24,1.0
2024-03-08 00:00,0.34,0.339,24,1.0
2024-03-09 00:00,20.608,2.573,24,1.0
2024-03-10 00:00,6.602,1.908,24,1.0
2024-03-11 00:00,41.803,4.402,24,1.0
2024-03-12 00:00,11.929,1.677,24,1.0
2024-03-13 00:00,0.152,0.078,24,1.0
2024-03-14 00:00,0.1,0.041,24,1.0
2024-03-15 00:00,0.159,0.036,24,1.0
2024-03-16 00:00,2.584,0.635,24,1.0
2024-03-17 00:00,0.03,0.01,24,1.0
2024-03-18 00:00,2.035,0.269,24,1.0
2024-03-19 00:00,0.907,0.192,24,1.0
2024-03-20 00:00,0.0,0.0,24,1.0
2024-03-21 00:00,0.048,0.015,24,1.0
2024-03-22 00:00,0.55,0.145,24,1.0
2024-03-23 00:00,0.45,0.088,24,1.0
2024-03-24 00:00,1.825,0.336,24,1.0
2024-03-25 00:00,0.499,0.243,24,1.0
2024-03-26 00:00,5.634,1.242,24,1.0
2024-03-27 00:00,12.913,2.7,24,1.0
2024-03-28 00:00,4.063,0.919,24,1.0
2024-03-29 00:00,0.0,0.0,24,1.0
2024-03-30 00:00,0.002,0.001,24,1.0
2024-03-31 00:00,0.001,0.001,24,1.0
2024-04-01 00:00,2.255,0.973,24,1.0
2024-04-02 00:00,1.523,0.271,24,1.0
2024-04-03 00:00,0.116,0.034,24,1.0
2024-04-04 00:00,0.024,0.008,24,1.0
2024-04-05 00:00,0.0,0.0,24,1.0
2024-04-06 00:00,0.001,0.001,24,1.0
2024-04-07 00:00,0.002,0.001,24,1.0
2024-04-08 00:00,0.001,0.001,24,1.0
2024-04-09 00:00,0.002,0.001,24,1.0
2024-04-10 00:00,1.263,0.396,24,1.0
2024-04-11 00:00,0.105,0.064,24,1.0
2024-04-12 00:00,0.024,0.016,24,1.0
2024-04-13 00:00,0.002,0.001,24,1.0
2024-04-14 00:00,0.001,0.001,24,1.0
2024-04-15 00:00,0.097,0.076,24,1.0
2024-04-16 00:00,6.417,1.015,24,1.0
2024-04-17 00:00,9.552,2.212,24,1.0
2024-04-18 00:00,7.673,1.508,24,1.0
2024-04-19 00:00,8.328,1.542,24,1.0
2024-04-20 00:00,10.852,2.916,24,1.0
2024-04-21 00:00,2.135,1.222,24,1.0
2024-04-22 00:00,0.007,0.003,24,1.0
2024-04-23 00:00,0.282,0.055,24,1.0
2024-04-24 00:00,6.731,1.103,24,1.0
2024-04-25 00:00,2.487,0.378,24,1.0
2024-04-26 00:00,1.882,0.343,24,1.0
2024-04-27 00:00,0.015,0.012,24,1.0
2024-04-28 00:00,0.003,0.001,24,1.0
2024-04-29 00:00,0.001,0.001,24,1.0
2024-04-30 00:00,0.084,0.084,24,1.0
2024-05-01 00:00,14.163,2.632,24,1.0
2024-05-02 00:00,28.95,4.529,24,1.0
2024-05-03 00:00,14.631,2.663,24,1.0
2024-05-04 00:00,0.184,0.036,24,1.0
2024-05-05 00:00,0.154,0.039,24,1.0
2024-05-06 00:00,0.032,0.013,24,1.0
2024-05-07 00:00,0.001,0.001,24,1.0
2024-05-08 00:00,10.746,2.047,24,1.0
2024-05-09 00:00,3.308,0.846,24,1.0
2024-05-10 00:00,0.121,0.034,24,1.0
2024-05-11 00:00,0.096,0.041,24,1.0
2024-05-12 00:00,0.317,0.096,24,1.0
2024-05-13 00:00,0.028,0.012,24,1.0
2024-05-14 00:00,0.0,0.0,24,1.0
2024-05-15 00:00,0.055,0.037,24,1.0
2024-05-16 00:00,0.005,0.002,24,1.0
2024-05-17 00:00,0.047,0.019,24,1.0
2024-05-18 00:00,3.136,0.997,24,1.0
2024-05-19 00:00,0.337,0.121,24,1.0
2024-05-20 00:00,0.0,0.0,24,1.0
2024-05-21 00:00,7.187,1.339,24,1.0
2024-05-22 00:00,2.245,0.35,24,1.0
2024-05-23 00:00,0.004,0.002,24,1.0
2024-05-24 00:00,0.001,0.001,24,1.0
2024-05-25 00:00,1.084,0.316,24,1.0
2024-05-26 00:00,0.644,0.136,24,1.0
2024-05-27 00:00,0.604,0.136,24,1.0
2024-05-28 00:00,1.427,0.387,24,1.0
2024-05-29 00:00,0.092,0.047,24,1.0
2024-05-30 00:00,0.379,0.102,24,1.0
2024-05-31 00:00,6.206,0.984,24,1.0
2024-06-01 00:00,2.627,0.427,24,1.0
2024-06-02 00:00,0.086,0.045,24,1.0
2024-06-03 00:00,0.356,0.167,24,1.0
2024-06-04 00:00,0.04,0.019,24,1.0
2024-06-05 00:00,0.012,0.008,24,1.0
2024-06-06 00:00,0.001,0.001,24,1.0
2024-06-07 00:00,0.002,0.001,24,1.0
2024-06-08 00:00,0.0,0.0,24,1.0
2024-06-09 00:00,0.037,0.024,24,1.0
2024-06-10 00:00,0.35,0.046,24,1.0
2024-06-11 00:00,0.497,0.158,24,1.0
2024-06-12 00:00,0.036,0.023,24,1.0
2024-06-13 00:00,0.002,0.001,24,1.0
2024-06-14 00:00,0.002,0.001,24,1.0
2024-06-15 00:00,0.001,0.001,24,1.0
2024-06-16 00:00,0.038,0.036,24,1.0
2024-06-17 00:00,0.0,0.0,24,1.0
2024-06-18 00:00,0.002,0.001,24,1.0
2024-06-19 00:00,0.0,0.0,24,1.0
2024-06-20 00:00,0.058,0.016,24,1.0
2024-06-21 00:00,0.03,0.029,24,1.0
2024-06-22 00:00,0.012,0.004,24,1.0
2024-06-23 00:00,0.178,0.04,24,1.0
2024-06-24 00:00,0.078,0.074,24,1.0
2024-06-25 00:00,9.852,1.31,24,1.0
2024-06-26 00:00,0.412,0.128,24,1.0
2024-06-27 00:00,0.14,0.019,24,1.0
2024-06-28 00:00,0.003,0.001,24,1.0
2024-06-29 00:00,0.001,0.001,24,1.0
2024-06-30 00:00,0.008,0.003,24,1.0
2024-07-01 00:00,0.046,0.011,24,1.0
2024-07-02 00:00,5.348,3.393,24,1.0
2024-07-03 00:00,3.495,1.122,24,1.0
2024-07-04 00:00,0.675,0.141,24,1.0
2024-07-05 00:00,0.001,0.001,24,1.0
2024-07-06 00:00,0.002,0.001,24,1.0
2024-07-07 00:00,0.033,0.031,24,1.0
2024-07-08 00:00,0.0,0.0,24,1.0
2024-07-09 00:00,0.001,0.001,24,1.0
2024-07-10 00:00,0.0,0.0,24,1.0
2024-07-11 00:00,0.001,0.001,24,1.0
2024-07-12 00:00,0.002,0.001,24,1.0
2024-07-13 00:00,0.0,0.0,24,1.0
2024-07-14 00:00,0.001,0.001,24,1.0
2024-07-15 00:00,0.0,0.0,24,1.0
2024-07-16 00:00,0.0,0.0,24,1.0
2024-07-17 00:00,0.049,0.049,24,1.0
2024-07-18 00:00,0.001,0.001,24,1.0
2024-07-19 00:00,0.002,0.001,24,1.0
2024-07-20 00:00,0.01,0.003,24,1.0
2024-07-21 00:00,0.003,0.001,24,1.0
2024-07-22 00:00,2.369,0.915,24,1.0
2024-07-23 00:00,0.0,0.0,24,1.0
2024-07-24 00:00,1.427,1.087,24,1.0
2024-07-25 00:00,0.003,0.001,24,1.0
2024-07-26 00:00,0.0,0.0,24,1.0
2024-07-27 00:00,0.0,0.0,24,1.0
2024-07-28 00:00,0.001,0.001,24,1.0
2024-07-29 00:00,0.144,0.143,24,1.0
2024-07-30 00:00,0.001,0.001,24,1.0
2024-07-31 00:00,0.001,0.001,24,1.0
2024-08-01 00:00,0.013,0.01,24,1.0
2024-08-02 00:00,0.041,0.008,24,1.0
2024-08-03 00:00,0.001,0.001,24,1.0
2024-08-04 00:00,0.236,0.119,24,1.0
2024-08-05 00:00,0.0,0.0,24,1.0
2024-08-06 00:00,0.045,0.029,24,1.0
2024-08-07 00:00,0.171,0.072,24,1.0
2024-08-08 00:00,0.0,0.0,24,1.0
2024-08-09 00:00,0.337,0.295,24,1.0
2024-08-10 00:00,0.0,0.0,24,1.0
2024-08-11 00:00,0.001,0.001,24,1.0
2024-08-12 00:00,0.001,0.001,24,1.0
2024-08-13 00:00,0.0,0.0,24,1.0
2024-08-14 00:00,0.0,0.0,24,1.0
2024-08-15 00:00,0.0,0.0,24,1.0
2024-08-16 00:00,0.001,0.001,24,1.0
2024-08-17 00:00,0.206,0.141,24,1.0
2024-08-18 00:00,1.456,0.589,24,1.0
2024-08-19 00:00,8.771,1.861,24,1.0
2024-08-20 00:00,4.062,1.699,24,1.0
2024-08-21 00:00,1.581,0.404,24,1.0
2024-08-22 00:00,0.003,0.001,24,1.0
2024-08-23 00:00,0.146,0.138,24,1.0
2024-08-24 00:00,0.211,0.183,24,1.0
2024-08-25 00:00,0.002,0.001,24,1.0
2024-08-26 00:00,0.185,0.139,24,1.0
2024-08-27 00:00,1.007,0.64,24,1.0
2024-08-28 00:00,0.557,0.487,24,1.0
2024-08-29 00:00,6.214,4.068,24,1.0
2024-08-30 00:00,0.016,0.01,24,1.0
2024-08-31 00:00,0.014,0.011,24,1.0
2024-09-01 00:00,0.001,0.001,24,1.0
2024-09-02 00:00,0.225,0.171,24,1.0
2024-09-03 00:00,7.303,3.132,24,1.0
2024-09-04 00:00,0.507,0.495,24,1.0
2024-09-05 00:00,5.29,1.404,24,1.0
2024-09-06 00:00,2.185,0.299,24,1.0
2024-09-07 00:00,0.0,0.0,24,1.0
2024-09-08 00:00,0.002,0.001,24,1.0
2024-09-09 00:00,35.545,9.56,24,1.0
2024-09-10 00:00,0.266,0.17,24,1.0
2024-09-11 00:00,0.007,0.006,24,1.0
2024-09-12 00:00,20.522,4.431,24,1.0
2024-09-13 00:00,7.954,0.817,24,1.0
2024-09-14 00:00,0.335,0.221,24,1.0
2024-09-15 00:00,0.003,0.001,24,1.0
2024-09-16 00:00,5.304,1.0,24,1.0
2024-09-17 00:00,9.146,1.45,24,1.0
2024-09-18 00:00,6.392,1.709,24,1.0
2024-09-19 00:00,12.554,1.164,24,1.0
2024-09-20 00:00,0.296,0.177,24,1.0
2024-09-21 00:00,0.008,0.003,24,1.0
2024-09-22 00:00,0.058,0.032,24,1.0
2024-09-23 00:00,5.342,1.646,24,1.0
2024-09-24 00:00,20.031,3.404,24,1.0
2024-09-25 00:00,6.46,0.844,24,1.0
2024-09-26 00:00,1.011,0.114,24,1.0
2024-09-27 00:00,0.142,0.015,24,1.0
2024-09-28 00:00,8.745,2.077,24,1.0
2024-09-29 00:00,0.191,0.123,24,1.0
2024-09-30 00:00,0.002,0.001,24,1.0
2024-10-01 00:00,0.0,0.0,24,1.0
2024-10-02 00:00,0.517,0.112,24,1.0
2024-10-03 00:00,25.385,5.431,24,1.0
2024-10-04 00:00,7.727,1.991,24,1.0
2024-10-05 00:00,7.004,0.905,24,1.0
2024-10-06 00:00,0.676,0.108,24,1.0
2024-10-07 00:00,0.01,0.003,24,1.0
2024-10-08 00:00,25.853,7.235,24,1.0
2024-10-09 00:00,10.121,2.29,24,1.0
2024-10-10 00:00,3.634,0.938,24,1.0
2024-10-11 00:00,0.896,0.167,24,1.0
2024-10-12 00:00,0.004,0.001,24,1.0
2024-10-13 00:00,0.134,0.051,24,1.0
2024-10-14 00:00,0.001,0.001,24,1.0
2024-10-15 00:00,0.0,0.0,24,1.0
2024-10-16 00:00,0.483,0.243,24,1.0
2024-10-17 00:00,0.775,0.397,24,1.0
2024-10-18 00:00,11.376,2.141,24,1.0
2024-10-19 00:00,30.478,4.046,24,1.0
2024-10-20 00:00,4.738,1.426,24,1.0
2024-10-21 00:00,0.881,0.455,24,1.0
2024-10-22 00:00,3.037,0.971,24,1.0
2024-10-23 00:00,0.506,0.216,24,1.0
2024-10-24 00:00,2.782,0.763,24,1.0
2024-10-25 00:00,0.004,0.001,24,1.0
2024-10-26 00:00,0.084,0.022,24,1.0
2024-10-27 00:00,0.011,0.004,24,1.0
2024-10-28 00:00,0.0,0.0,24,1.0
2024-10-29 00:00,0.003,0.002,24,1.0
2024-10-30 00:00,0.002,0.001,24,1.0
2024-10-31 00:00,0.0,0.0,24,1.0
2024-11-01 00:00,0.002,0.001,24,1.0
2024-11-02 00:00,0.001,0.001,24,1.0
2024-11-03 00:00,0.003,0.001,24,1.0
2024-11-04 00:00,0.001,0.0,24,1.0
2024-11-05 00:00,0.001,0.001,24,1.0
2024-11-06 00:00,0.003,0.001,24,1.0
2024-11-07 00:00,0.001,0.001,24,1.0
2024-11-08 00:00,0.008,0.003,24,1.0
2024-11-09 00:00,0.002,0.001,24,1.0
2024-11-10 00:00,0.002,0.001,24,1.0
2024-11-11 00:00,0.001,0.001,24,1.0
2024-11-12 00:00,0.04,0.04,24,1.0
2024-11-13 00:00,22.084,2.246,24,1.0
2024-11-14 00:00,8.169,1.637,24,1.0
2024-11-15 00:00,0.058,0.021,24,1.0
2024-11-16 00:00,0.001,0.001,24,1.0
2024-11-17 00:00,0.14,0.035,24,1.0
2024-11-18 00:00,3.757,0.516,24,1.0
2024-11-19 00:00,10.53,0.809,24,1.0
2024-11-20 00:00,24.883,3.148,24,1.0
2024-11-21 00:00,3.372,1.886,24,1.0
2024-11-22 00:00,19.462,3.257,24,1.0
2024-11-23 00:00,0.001,0.0,24,1.0
2024-11-24 00:00,0.0,0.0,24,1.0
2024-11-25 00:00,0.01,0.005,24,1.0
2024-11-26 00:00,2.207,0.33,24,1.0
2024-11-27 00:00,2.005,0.267,24,1.0
2024-11-28 00:00,6.506,0.516,24,1.0
2024-11-29 00:00,5.113,0.989,24,1.0
2024-11-30 00:00,0.127,0.03,24,1.0
2024-12-01 00:00,0.021,0.009,24,1.0
2024-12-02 00:00,0.0,0.0,24,1.0
2024-12-03 00:00,1.524,0.368,24,1.0
2024-12-04 00:00,5.078,0.567,24,1.0
2024-12-05 00:00,3.098,0.304,24,1.0
2024-12-06 00:00,0.123,0.076,24,1.0
2024-12-07 00:00,2.333,0.461,24,1.0
2024-12-08 00:00,47.716,5.099,24,1.0
2024-12-09 00:00,15.751,2.053,24,1.0
2024-12-10 00:00,3.705,0.397,24,1.0
2024-12-11 00:00,4.867,0.663,24,1.0
2024-12-12 00:00,0.133,0.077,24,1.0
2024-12-13 00:00,5.466,1.13,24,1.0
2024-12-14 00:00,17.224,2.307,24,1.0
2024-12-15 00:00,1.285,0.304,24,1.0
2024-12-16 00:00,0.0,0.0,24,1.0
2024-12-17 00:00,0.001,0.0,24,1.0
2024-12-18 00:00,0.043,0.012,24,1.0
2024-12-19 00:00,2.677,0.332,24,1.0
2024-12-20 00:00,16.665,2.403,24,1.0
2024-12-21 00:00,0.853,0.307,24,1.0
2024-12-22 00:00,12.809,3.428,24,1.0
2024-12-23 00:00,24.541,3.429,24,1.0
2024-12-24 00:00,2.577,0.3,24,1.0
2024-12-25 00:00,0.297,0.045,24,1.0
2024-12-26 00:00,0.2,0.096,24,1.0
2024-12-27 00:00,0.001,0.001,24,1.0
2024-12-28 00:00,0.0,0.0,24,1.0
2024-12-29 00:00,0.001,0.001,24,1.0
2024-12-30 00:00,0.001,0.001,24,1.0
2024-12-31 00:00,0.002,0.001,24,1.0
