time,value,min,max,n,coverage
2024-01-01 00:00,0.4019,0.3941,0.4087,23,0.958
2024-01-02 00:00,0.3847,0.3791,0.394,24,1.0
2024-01-03 00:00,0.3783,0.3767,0.3804,24,1.0
2024-01-04 00:00,0.3805,0.3778,0.3846,24,1.0
2024-01-05 00:00,0.3774,0.374,0.3806,24,1.0
2024-01-06 00:00,0.3927,0.3726,0.4363,24,1.0
2024-01-07 00:00,0.4262,0.4035,0.4382,24,1.0
2024-01-08 00:00,0.4205,0.4079,0.439,24,1.0
2024-01-09 00:00,0.3985,0.3913,0.407,24,1.0
2024-01-10 00:00,0.3855,0.3804,0.3909,24,1.0
2024-01-11 00:00,0.3825,0.3792,0.3867,24,1.0
2024-01-12 00:00,0.3731,0.3679,0.3788,24,1.0
2024-01-13 00:00,0.364,0.361,0.3677,24,1.0
2024-01-14 00:00,0.3718,0.3609,0.381,24,1.0
2024-01-15 00:00,0.4056,0.3779,0.4274,24,1.0
2024-01-16 00:00,0.3963,0.3936,0.4011,24,1.0
2024-01-17 00:00,0.4076,0.3965,0.4144,24,1.0
2024-01-18 00:00,0.4106,0.4021,0.4191,24,1.0
2024-01-19 00:00,0.4048,0.3996,0.4111,24,1.0
2024-01-20 00:00,0.4217,0.406,0.4383,24,1.0
2024-01-21 00:00,0.3987,0.3917,0.408,24,1.0
2024-01-22 00:00,0.387,0.3828,0.3914,24,1.0
2024-01-23 00:00,0.3885,0.3818,0.3981,24,1.0
2024-01-24 00:00,0.3826,0.3768,0.3899,24,1.0
2024-01-25 00:00,0.3754,0.3732,0.3769,24,1.0
2024-01-26 00:00,0.3698,0.3666,0.373,24,1.0
2024-01-27 00:00,0.3636,0.3601,0.3665,24,1.0
2024-01-28 00:00,0.3564,0.3523,0.36,24,1.0
2024-01-29 00:00,0.35,0.3474,0.3523,24,1.0
2024-01-30 00:00,0.3459,0.3438,0.3477,24,1.0
2024-01-31 00:00,0.343,0.3407,0.345,24,1.0
2024-02-01 00:00,0.3412,0.34,0.3421,24,1.0
2024-02-02 00:00,0.3388,0.3358,0.3413,24,1.0
2024-02-03 00:00,0.3341,0.3318,0.3361,24,1.0
2024-02-04 00:00,0.3334,0.3326,0.3341,24,1.0
2024-02-05 00:00,0.334,0.3328,0.3349,24,1.0
2024-02-06 00:00,0.3344,0.3329,0.3356,24,1.0
2024-02-07 00:00,0.3321,0.3303,0.3336,24,1.0
2024-02-08 00:00,0.3365,0.3314,0.3392,24,1.0
2024-02-09 00:00,0.342,0.3392,0.3459,24,1.0
2024-02-10 00:00,0.3766,0.3382,0.435,24,1.0
2024-02-11 00:00,0.4269,0.4086,0.4388,24,1.0
2024-02-12 00:00,0.4096,0.4008,0.4387,24,1.0
2024-02-13 00:00,0.3961,0.3891,0.4041,24,1.0
2024-02-14 00:00,0.3816,0.3751,0.3886,24,1.0
2024-02-15 00:00,0.3702,0.3656,0.375,24,1.0
2024-02-16 00:00,0.3625,0.3592,0.3656,24,1.0
2024-02-17 00:00,0.3568,0.3536,0.3595,24,1.0
2024-02-18 00:00,0.3516,0.3486,0.3541,24,1.0
2024-02-19 00:00,0.3519,0.3499,0.3532,24,1.0
2024-02-20 00:00,0.3502,0.3471,0.3526,24,1.0
2024-02-21 00:00,0.3431,0.339,0.347,24,1.0
2024-02-22 00:00,0.3384,0.3364,0.3405,24,1.0
2024-02-23 00:00,0.3495,0.3364,0.4345,24,1.0
2024-02-24 00:00,0.4087,0.3957,0.4237,24,1.0
2024-02-25 00:00,0.4039,0.3952,0.4111,24,1.0
2024-02-26 00:00,0.3891,0.382,0.3978,24,1.0
2024-02-27 00:00,0.3766,0.3716,0.3818,24,1.0
2024-02-28 00:00,0.37,0.3686,0.3715,24,1.0
2024-02-29 00:00,0.4112,0.3699,0.4386,24,1.0
2024-03-01 00:00,0.4246,0.4143,0.4388,24,1.0
2024-03-02 00:00,0.412,0.4076,0.4168,24,1.0
2024-03-03 00:00,0.3983,0.39,0.4148,24,1.0
2024-03-04 00:00,0.4192,0.4014,0.439,24,1.0
2024-03-05 00:00,0.4,0.3933,0.4068,24,1.0
2024-03-06 00:00,0.3915,0.3875,0.3942,24,1.0
2024-03-07 00:00,0.3866,0.3812,0.3908,24,1.0
2024-03-08 00:00,0.3758,0.3703,0.381,24,1.0
2024-03-09 00:00,0.4142,0.3763,0.439,24,1.0
2024-03-10 00:00,0.4107,0.3981,0.4366,24,1.0
2024-03-11 00:00,0.4242,0.4017,0.4388,24,1.0
2024-03-12 00:00,0.4194,0.4098,0.4381,24,1.0
2024-03-13 00:00,0.3956,0.3858,0.4083,24,1.0
2024-03-14 00:00,0.3788,0.373,0.3854,24,1.0
2024-03-15 00:00,0.3687,0.3639,0.3731,24,1.0
2024-03-16 00:00,0.3663,0.3637,0.3704,24,1.0
2024-03-17 00:00,0.3637,0.3581,0.3693,24,1.0
2024-03-18 00:00,0.3587,0.3575,0.3621,24,1.0
2024-03-19 00:00,0.3625,0.3557,0.3688,24,1.0
2024-03-20 00:00,0.3491,0.3427,0.3555,24,1.0
2024-03-21 00:00,0.3399,0.336,0.3433,24,1.0
2024-03-22 00:00,0.3361,0.334,0.3388,24,1.0
2024-03-23 00:00,0.3326,0.3297,0.3351,24,1.0
2024-03-24 00:00,0.335,0.3316,0.3407,24,1.0
2024-03-25 00:00,0.3282,0.323,0.3324,24,1.0
2024-03-26 00:00,0.3408,0.3253,0.3592,24,1.0
2024-03-27 00:00,0.376,0.353,0.4178,24,1.0
2024-03-28 00:00,0.3867,0.3791,0.4019,24,1.0
2024-03-29 00:00,0.3664,0.3563,0.3782,24,1.0
2024-03-30 00:00,0.347,0.3382,0.356,24,1.0
2024-03-31 00:00,0.3333,0.3281,0.3381,24,1.0
2024-04-01 00:00,0.3268,0.3189,0.3389,24,1.0
2024-04-02 00:00,0.341,0.3369,0.3456,24,1.0
2024-04-03 00:00,0.3333,0.3291,0.3369,24,1.0
2024-04-04 00:00,0.3251,0.32,0.3296,24,1.0
2024-04-05 00:00,0.3173,0.3127,0.3214,24,1.0
2024-04-06 00:00,0.3103,0.3056,0.3144,24,1.0
2024-04-07 00:00,0.3035,0.299,0.3077,24,1.0
2024-04-08 00:00,0.2966,0.2913,0.3012,24,1.0
2024-04-09 00:00,0.2892,0.2844,0.2937,24,1.0
2024-04-10 00:00,0.2896,0.2855,0.2947,24,1.0
2024-04-11 00:00,0.286,0.2827,0.2894,24,1.0
2024-04-12 00:00,0.2787,0.2733,0.2837,24,1.0
2024-04-13 00:00,0.269,0.2633,0.274,24,1.0
2024-04-14 00:00,0.2602,0.2549,0.265,24,1.0
2024-04-15 00:00,0.254,0.25,0.2577,24,1.0
2024-04-16 00:00,0.254,0.2472,0.282,24,1.0
2024-04-17 00:00,0.2925,0.2861,0.3055,24,1.0
2024-04-18 00:00,0.311,0.3026,0.3243,24,1.0
2024-04-19 00:00,0.3655,0.3341,0.3979,24,1.0
2024-04-20 00:00,0.345,0.3339,0.3955,24,1.0
2024-04-21 00:00,0.3622,0.3426,0.3919,24,1.0
2024-04-22 00:00,0.3321,0.3229,0.3421,24,1.0
2024-04-23 00:00,0.3165,0.3095,0.3227,24,1.0
2024-04-24 00:00,0.3352,0.3096,0.3519,24,1.0
2024-04-25 00:00,0.3434,0.3399,0.3495,24,1.0
2024-04-26 00:00,0.3369,0.332,0.3407,24,1.0
2024-04-27 00:00,0.3215,0.3121,0.3316,24,1.0
2024-04-28 00:00,0.3045,0.2963,0.3121,24,1.0
2024-04-29 00:00,0.2895,0.2815,0.2967,24,1.0
2024-04-30 00:00,0.2762,0.2693,0.2825,24,1.0
2024-05-01 00:00,0.3275,0.2707,0.3847,24,1.0
2024-05-02 00:00,0.3987,0.3764,0.4343,24,1.0
2024-05-03 00:00,0.4061,0.3966,0.4216,24,1.0
2024-05-04 00:00,0.3828,0.3703,0.3994,24,1.0
2024-05-05 00:00,0.3634,0.3567,0.3701,24,1.0
2024-05-06 00:00,0.3494,0.3415,0.3566,24,1.0
2024-05-07 00:00,0.3367,0.3307,0.3423,24,1.0
2024-05-08 00:00,0.3516,0.326,0.4015,24,1.0
2024-05-09 00:00,0.3833,0.3731,0.3983,24,1.0
2024-05-10 00:00,0.3577,0.3453,0.3721,24,1.0
2024-05-11 00:00,0.3367,0.3284,0.345,24,1.0
2024-05-12 00:00,0.3235,0.3179,0.3288,24,1.0
2024-05-13 00:00,0.3132,0.3065,0.3192,24,1.0
2024-05-14 00:00,0.3017,0.2947,0.3082,24,1.0
2024-05-15 00:00,0.2906,0.2842,0.2963,24,1.0
2024-05-16 00:00,0.2797,0.273,0.286,24,1.0
2024-05-17 00:00,0.2699,0.2635,0.2755,24,1.0
2024-05-18 00:00,0.2724,0.2604,0.2941,24,1.0
2024-05-19 00:00,0.2938,0.2899,0.2956,24,1.0
2024-05-20 00:00,0.2864,0.2771,0.2943,24,1.0
2024-05-21 00:00,0.2864,0.2771,0.294,24,1.0
2024-05-22 00:00,0.296,0.2924,0.3,24,1.0
2024-05-23 00:00,0.2847,0.276,0.2928,24,1.0
2024-05-24 00:00,0.2687,0.2604,0.276,24,1.0
2024-05-25 00:00,0.2589,0.2561,0.2628,24,1.0
2024-05-26 00:00,0.2516,0.2462,0.2565,24,1.0
2024-05-27 00:00,0.2428,0.2387,0.2468,24,1.0
2024-05-28 00:00,0.2401,0.2372,0.2451,24,1.0
2024-05-29 00:00,0.2333,0.2284,0.2379,24,1.0
2024-05-30 00:00,0.2268,0.2237,0.2294,24,1.0
2024-05-31 00:00,0.2384,0.2239,0.2626,24,1.0
2024-06-01 00:00,0.2683,0.2634,0.2742,24,1.0
2024-06-02 00:00,0.2598,0.2535,0.2662,24,1.0
2024-06-03 00:00,0.2486,0.2413,0.255,24,1.0
2024-06-04 00:00,0.235,0.2276,0.2413,24,1.0
2024-06-05 00:00,0.2224,0.2157,0.2282,24,1.0
2024-06-06 00:00,0.2107,0.2047,0.216,24,1.0
2024-06-07 00:00,0.2005,0.1953,0.2052,24,1.0
2024-06-08 00:00,0.1916,0.1867,0.196,24,1.0
2024-06-09 00:00,0.1844,0.1807,0.1875,24,1.0
2024-06-10 00:00,0.1821,0.1795,0.1842,24,1.0
2024-06-11 00:00,0.1807,0.1788,0.1829,24,1.0
2024-06-12 00:00,0.176,0.1722,0.1795,24,1.0
2024-06-13 00:00,0.1694,0.1662,0.1723,24,1.0
2024-06-14 00:00,0.1639,0.1611,0.1664,24,1.0
2024-06-15 00:00,0.1595,0.1572,0.1616,24,1.0
2024-06-16 00:00,0.1557,0.1537,0.1576,24,1.0
2024-06-17 00:00,0.1525,0.1509,0.1541,24,1.0
2024-06-18 00:00,0.1498,0.1482,0.1514,24,1.0
2024-06-19 00:00,0.1472,0.1456,0.1486,24,1.0
2024-06-20 00:00,0.1444,0.1431,0.1456,24,1.0
2024-06-21 00:00,0.1422,0.1412,0.1431,24,1.0
2024-06-22 00:00,0.1409,0.1403,0.1415,24,1.0
2024-06-23 00:00,0.1408,0.1403,0.1414,24,1.0
2024-06-24 00:00,0.1408,0.14,0.1415,24,1.0
2024-06-25 00:00,0.1692,0.1415,0.2692,24,1.0
2024-06-26 00:00,0.2653,0.2506,0.2788,24,1.0
2024-06-27 00:00,0.2405,0.2301,0.2502,24,1.0
2024-06-28 00:00,0.2214,0.2119,0.23,24,1.0
2024-06-29 00:00,0.2037,0.1946,0.2117,24,1.0
2024-06-30 00:00,0.1893,0.1835,0.1946,24,1.0
2024-07-01 00:00,0.1795,0.1742,0.1841,24,1.0
2024-07-02 00:00,0.1793,0.1725,0.1917,24,1.0
2024-07-03 00:00,0.1918,0.1842,0.2037,24,1.0
2024-07-04 00:00,0.1997,0.1943,0.2038,24,1.0
2024-07-05 00:00,0.1892,0.1836,0.1942,24,1.0
2024-07-06 00:00,0.1791,0.1739,0.1836,24,1.0
2024-07-07 00:00,0.1703,0.166,0.1738,24,1.0
2024-07-08 00:00,0.1631,0.1597,0.166,24,1.0
2024-07-09 00:00,0.1571,0.154,0.1597,24,1.0
2024-07-10 00:00,0.1517,0.1492,0.154,24,1.0
2024-07-11 00:00,0.1476,0.1457,0.1492,24,1.0
2024-07-12 00:00,0.1446,0.1432,0.1458,24,1.0
2024-07-13 00:00,0.1422,0.1409,0.1433,24,1.0
2024-07-14 00:00,0.1401,0.1391,0.141,24,1.0
2024-07-15 00:00,0.1384,0.1376,0.1391,24,1.0
2024-07-16 00:00,0.1371,0.1366,0.1377,24,1.0
2024-07-17 00:00,0.1363,0.1359,0.1367,24,1.0
2024-07-18 00:00,0.1358,0.1354,0.1362,24,1.0
2024-07-19 00:00,0.1351,0.1347,0.1355,24,1.0
2024-07-20 00:00,0.1346,0.1344,0.1349,24,1.0
2024-07-21 00:00,0.1342,0.134,0.1344,24,1.0
2024-07-22 00:00,0.1411,0.134,0.1485,24,1.0
2024-07-23 00:00,0.1466,0.1448,0.1483,24,1.0
2024-07-24 00:00,0.1447,0.1432,0.1461,24,1.0
2024-07-25 00:00,0.1448,0.1431,0.1461,24,1.0
2024-07-26 00:00,0.1417,0.1403,0.1431,24,1.0
2024-07-27 00:00,0.1393,0.1384,0.1402,24,1.0
2024-07-28 00:00,0.1378,0.137,0.1384,24,1.0
2024-07-29 00:00,0.1368,0.136,0.1371,24,1.0
2024-07-30 00:00,0.1363,0.1355,0.137,24,1.0
2024-07-31 00:00,0.135,0.1345,0.1355,24,1.0
2024-08-01 00:00,0.1343,0.1341,0.1345,24,1.0
2024-08-02 00:00,0.1341,0.1339,0.1344,24,1.0
2024-08-03 00:00,0.1338,0.1336,0.134,24,1.0
2024-08-04 00:00,0.1337,0.1333,0.1342,24,1.0
2024-08-05 00:00,0.1339,0.1337,0.1342,24,1.0
2024-08-06 00:00,0.1337,0.1335,0.1337,24,1.0
2024-08-07 00:00,0.1338,0.1336,0.1339,24,1.0
2024-08-08 00:00,0.1336,0.1334,0.1339,24,1.0
2024-08-09 00:00,0.1334,0.1332,0.1335,24,1.0
2024-08-10 00:00,0.1332,0.133,0.1334,24,1.0
2024-08-11 00:00,0.1328,0.1326,0.133,24,1.0
2024-08-12 00:00,0.1326,0.1325,0.1327,24,1.0
2024-08-13 00:00,0.1325,0.1324,0.1325,24,1.0
2024-08-14 00:00,0.1324,0.1323,0.1325,24,1.0
2024-08-15 00:00,0.1323,0.1322,0.1324,24,1.0
2024-08-16 00:00,0.1322,0.1322,0.1323,24,1.0
2024-08-17 00:00,0.1337,0.1322,0.1346,24,1.0
2024-08-18 00:00,0.1391,0.1344,0.15,24,1.0
2024-08-19 00:00,0.23,0.1536,0.2462,24,1.0
2024-08-20 00:00,0.2398,0.2326,0.2459,24,1.0
2024-08-21 00:00,0.2268,0.2218,0.2323,24,1.0
2024-08-22 00:00,0.2144,0.2054,0.2228,24,1.0
2024-08-23 00:00,0.1996,0.1935,0.2053,24,1.0
2024-08-24 00:00,0.189,0.1839,0.1934,24,1.0
2024-08-25 00:00,0.1787,0.1729,0.1838,24,1.0
2024-08-26 00:00,0.1691,0.165,0.1728,24,1.0
2024-08-27 00:00,0.164,0.1606,0.165,24,1.0
2024-08-28 00:00,0.1624,0.159,0.164,24,1.0
2024-08-29 00:00,0.1668,0.1583,0.1781,24,1.0
2024-08-30 00:00,0.1736,0.169,0.1775,24,1.0
2024-08-31 00:00,0.1656,0.1618,0.1689,24,1.0
2024-09-01 00:00,0.1587,0.1556,0.1617,24,1.0
2024-09-02 00:00,0.1547,0.1532,0.1556,24,1.0
2024-09-03 00:00,0.1899,0.1541,0.2274,24,1.0
2024-09-04 00:00,0.2169,0.2085,0.2252,24,1.0
2024-09-05 00:00,0.2271,0.2014,0.277,24,1.0
2024-09-06 00:00,0.2794,0.2668,0.2895,24,1.0
2024-09-07 00:00,0.252,0.2381,0.2662,24,1.0
2024-09-08 00:00,0.2289,0.2188,0.2379,24,1.0
2024-09-09 00:00,0.3255,0.2177,0.439,24,1.0
2024-09-10 00:00,0.3238,0.3062,0.3432,24,1.0
2024-09-11 00:00,0.2937,0.2827,0.3056,24,1.0
2024-09-12 00:00,0.313,0.2831,0.439,24,1.0
2024-09-13 00:00,0.377,0.366,0.4,24,1.0
2024-09-14 00:00,0.3481,0.3322,0.3649,24,1.0
2024-09-15 00:00,0.3222,0.3121,0.332,24,1.0
2024-09-16 00:00,0.3214,0.3108,0.3696,24,1.0
2024-09-17 00:00,0.4098,0.3825,0.4282,24,1.0
2024-09-18 00:00,0.4043,0.3943,0.4182,24,1.0
2024-09-19 00:00,0.4184,0.4069,0.4368,24,1.0
2024-09-20 00:00,0.3951,0.3796,0.4175,24,1.0
2024-09-21 00:00,0.3681,0.3583,0.3791,24,1.0
2024-09-22 00:00,0.3518,0.3455,0.3582,24,1.0
2024-09-23 00:00,0.3728,0.3476,0.3885,24,1.0
2024-09-24 00:00,0.4123,0.3934,0.4375,24,1.0
2024-09-25 00:00,0.4035,0.3948,0.4167,24,1.0
2024-09-26 00:00,0.3909,0.3802,0.4047,24,1.0
2024-09-27 00:00,0.3703,0.3621,0.3798,24,1.0
2024-09-28 00:00,0.3797,0.3609,0.4076,24,1.0
2024-09-29 00:00,0.3687,0.3551,0.3837,24,1.0
2024-09-30 00:00,0.3457,0.3377,0.3546,24,1.0
2024-10-01 00:00,0.3328,0.3272,0.3378,24,1.0
2024-10-02 00:00,0.3253,0.3206,0.3279,24,1.0
2024-10-03 00:00,0.3559,0.3266,0.439,24,1.0
2024-10-04 00:00,0.401,0.3879,0.4247,24,1.0
2024-10-05 00:00,0.4008,0.3895,0.4073,24,1.0
2024-10-06 00:00,0.3846,0.3737,0.3942,24,1.0
2024-10-07 00:00,0.3652,0.3574,0.3734,24,1.0
2024-10-08 00:00,0.3698,0.3463,0.4379,24,1.0
2024-10-09 00:00,0.4125,0.3977,0.4351,24,1.0
2024-10-10 00:00,0.3887,0.3791,0.3978,24,1.0
2024-10-11 00:00,0.3847,0.3758,0.3977,24,1.0
2024-10-12 00:00,0.3683,0.3614,0.3755,24,1.0
2024-10-13 00:00,0.3565,0.3515,0.3613,24,1.0
2024-10-14 00:00,0.3471,0.3423,0.3515,24,1.0
2024-10-15 00:00,0.3386,0.334,0.3428,24,1.0
2024-10-16 00:00,0.3318,0.3279,0.335,24,1.0
2024-10-17 00:00,0.3275,0.3229,0.3313,24,1.0
2024-10-18 00:00,0.3858,0.3274,0.4287,24,1.0
2024-10-19 00:00,0.4195,0.4008,0.439,24,1.0
2024-10-20 00:00,0.413,0.4032,0.4273,24,1.0
2024-10-21 00:00,0.3926,0.3848,0.4023,24,1.0
2024-10-22 00:00,0.3945,0.382,0.4183,24,1.0
2024-10-23 00:00,0.3913,0.3829,0.4038,24,1.0
2024-10-24 00:00,0.3977,0.387,0.4136,24,1.0
2024-10-25 00:00,0.3839,0.3768,0.3928,24,1.0
2024-10-26 00:00,0.3717,0.3672,0.3765,24,1.0
2024-10-27 00:00,0.3622,0.3576,0.367,24,1.0
2024-10-28 00:00,0.3548,0.3512,0.358,24,1.0
2024-10-29 00:00,0.3485,0.3447,0.3518,24,1.0
2024-10-30 00:00,0.3426,0.3392,0.3458,24,1.0
2024-10-31 00:00,0.3367,0.333,0.3401,24,1.0
2024-11-01 00:00,0.331,0.3274,0.3342,24,1.0
2024-11-02 00:00,0.3265,0.3235,0.3293,24,1.0
2024-11-03 00:00,0.3212,0.318,0.3241,24,1.0
2024-11-04 00:00,0.317,0.3139,0.3197,24,1.0
2024-11-05 00:00,0.313,0.3102,0.3156,24,1.0
2024-11-06 00:00,0.3096,0.3069,0.3119,24,1.0
2024-11-07 00:00,0.3061,0.3037,0.3081,24,1.0
2024-11-08 00:00,0.3044,0.3022,0.3067,24,1.0
2024-11-09 00:00,0.3004,0.2974,0.3031,24,1.0
2024-11-10 00:00,0.296,0.293,0.2986,24,1.0
2024-11-11 00:00,0.2918,0.2894,0.294,24,1.0
2024-11-12 00:00,0.2874,0.2844,0.2899,24,1.0
2024-11-13 00:00,0.3435,0.2845,0.431,24,1.0
2024-11-14 00:00,0.4001,0.3833,0.4339,24,1.0
2024-11-15 00:00,0.3828,0.3723,0.3983,24,1.0
2024-11-16 00:00,0.3657,0.3609,0.3719,24,1.0
2024-11-17 00:00,0.3581,0.3552,0.3608,24,1.0
2024-11-18 00:00,0.36,0.3556,0.3725,24,1.0
2024-11-19 00:00,0.3922,0.3731,0.3995,24,1.0
2024-11-20 00:00,0.4093,0.3926,0.4385,24,1.0
2024-11-21 00:00,0.396,0.3871,0.4081,24,1.0
2024-11-22 00:00,0.4122,0.3987,0.4379,24,1.0
2024-11-23 00:00,0.389,0.382,0.3978,24,1.0
2024-11-24 00:00,0.3778,0.3742,0.3817,24,1.0
2024-11-25 00:00,0.3716,0.3689,0.3741,24,1.0
2024-11-26 00:00,0.3764,0.3683,0.3839,24,1.0
2024-11-27 00:00,0.3874,0.3836,0.3916,24,1.0
2024-11-28 00:00,0.3917,0.3833,0.4025,24,1.0
2024-11-29 00:00,0.4086,0.3967,0.4334,24,1.0
2024-11-30 00:00,0.3912,0.3834,0.4021,24,1.0
2024-12-01 00:00,0.3782,0.3741,0.383,24,1.0
2024-12-02 00:00,0.3708,0.368,0.374,24,1.0
2024-12-03 00:00,0.3701,0.3674,0.3819,24,1.0
2024-12-04 00:00,0.4034,0.3875,0.4126,24,1.0
2024-12-05 00:00,0.3967,0.3884,0.4071,24,1.0
2024-12-06 00:00,0.3811,0.3763,0.3877,24,1.0
2024-12-07 00:00,0.3835,0.377,0.3905,24,1.0
2024-12-08 00:00,0.4181,0.3779,0.439,24,1.0
2024-12-09 00:00,0.4246,0.4038,0.439,24,1.0
2024-12-10 00:00,0.4217,0.4059,0.4364,24,1.0
2024-12-11 00:00,0.4261,0.418,0.4362,24,1.0
2024-12-12 00:00,0.412,0.3998,0.4268,24,1.0
2024-12-13 00:00,0.4051,0.3996,0.4313,24,1.0
2024-12-14 00:00,0.4186,0.4071,0.4389,24,1.0
2024-12-15 00:00,0.4108,0.3989,0.4278,24,1.0
2024-12-16 00:00,0.391,0.3851,0.3982,24,1.0
2024-12-17 00:00,0.3813,0.3777,0.385,24,1.0
2024-12-18 00:00,0.375,0.3724,0.3776,24,1.0
2024-12-19 00:00,0.372,0.3699,0.3761,24,1.0
2024-12-20 00:00,0.4111,0.3799,0.4313,24,1.0
2024-12-21 00:00,0.3985,0.3887,0.4121,24,1.0
2024-12-22 00:00,0.3926,0.3817,0.4385,24,1.0
2024-12-23 00:00,0.4215,0.4097,0.4387,24,1.0
2024-12-24 00:00,0.4043,0.3999,0.4088,24,1.0
2024-12-25 00:00,0.3928,0.3868,0.3997,24,1.0
2024-12-26 00:00,0.382,0.3778,0.3865,24,1.0
2024-12-27 00:00,0.3737,0.3701,0.3775,24,1.0
2024-12-28 00:00,0.367,0.3642,0.37,24,1.0
2024-12-29 00:00,0.362,0.3597,0.3643,24,1.0
2024-12-30 00:00,0.3584,0.3567,0.3598,24,1.0
2024-12-31 00:00,0.3558,0.3545,0.3568,24,1.0
2025-01-01 00:00,0.3545,0.3545,0.3545,1,0.042
