time,value,n,coverage,flag
2024-01-01 00:00,8.44,24,1.0,0
2024-01-02 00:00,9.82,24,1.0,0
2024-01-03 00:00,12.4,24,1.0,0
2024-01-04 00:00,14.61,24,1.0,0
2024-01-05 00:00,14.86,24,1.0,0
2024-01-06 00:00,26.98,24,1.0,0
2024-01-07 00:00,57.35,24,1.0,0
2024-01-08 00:00,74.45,24,1.0,0
2024-01-09 00:00,74.76,24,1.0,0
2024-01-10 00:00,74.76,24,1.0,0
2024-01-11 00:00,75.83,24,1.0,0
2024-01-12 00:00,75.87,24,1.0,0
2024-01-13 00:00,75.87,24,1.0,0
2024-01-14 00:00,80.01,24,1.0,0
2024-01-15 00:00,92.55,24,1.0,0
2024-01-16 00:00,96.24,24,1.0,0
2024-01-17 00:00,103.35,24,1.0,0
2024-01-18 00:00,119.83,24,1.0,0
2024-01-19 00:00,126.05,24,1.0,0
2024-01-20 00:00,150.97,24,1.0,0
2024-01-21 00:00,150.97,24,1.0,0
2024-01-22 00:00,150.97,24,1.0,0
2024-01-23 00:00,152.21,24,1.0,0
2024-01-24 00:00,152.21,24,1.0,0
2024-01-25 00:00,152.36,24,1.0,0
2024-01-26 00:00,152.36,24,1.0,0
2024-01-27 00:00,152.37,24,1.0,0
2024-01-28 00:00,152.37,24,1.0,0
2024-01-29 00:00,152.37,24,1.0,0
2024-01-30 00:00,152.37,24,1.0,0
2024-01-31 00:00,152.37,24,1.0,0
2024-02-01 00:00,152.38,24,1.0,0
2024-02-02 00:00,152.38,24,1.0,0
2024-02-03 00:00,152.38,24,1.0,0
2024-02-04 00:00,152.5,24,1.0,0
2024-02-05 00:00,152.59,24,1.0,0
2024-02-06 00:00,152.69,24,1.0,0
2024-02-07 00:00,152.73,24,1.0,0
2024-02-08 00:00,155.13,24,1.0,0
2024-02-09 00:00,155.8,24,1.0,0
2024-02-10 00:00,188.16,24,1.0,0
2024-02-11 00:00,235.98,24,1.0,0
2024-02-12 00:00,238.65,24,1.0,0
2024-02-13 00:00,239.3,24,1.0,0
2024-02-14 00:00,239.31,24,1.0,0
2024-02-15 00:00,239.31,24,1.0,0
2024-02-16 00:00,239.31,24,1.0,0
2024-02-17 00:00,239.31,24,1.0,0
2024-02-18 00:00,239.35,24,1.0,0
2024-02-19 00:00,239.98,24,1.0,0
2024-02-20 00:00,241.27,24,1.0,0
2024-02-21 00:00,241.28,24,1.0,0
2024-02-22 00:00,241.31,24,1.0,0
2024-02-23 00:00,254.42,24,1.0,0
2024-02-24 00:00,265.53,24,1.0,0
2024-02-25 00:00,273.07,24,1.0,0
2024-02-26 00:00,273.08,24,1.0,0
2024-02-27 00:00,273.08,24,1.0,0
2024-02-28 00:00,274.18,24,1.0,0
2024-02-29 00:00,293.96,24,1.0,0
2024-03-01 00:00,302.68,24,1.0,0
2024-03-02 00:00,307.8,24,1.0,0
2024-03-03 00:00,310.58,24,1.0,0
2024-03-04 00:00,328.41,24,1.0,0
2024-03-05 00:00,329.21,24,1.0,0
2024-03-06 00:00,333.28,24,1.0,0
2024-03-07 00:00,339.02,24,1.0,0
2024-03-08 00:00,339.52,24,1.0,0
2024-03-09 00:00,363.79,24,1.0,0
2024-03-10 00:00,371.1,24,1.0,0
2024-03-11 00:00,408.37,24,1.0,0
2024-03-12 00:00,418.23,24,1.0,0
2024-03-13 00:00,418.53,24,1.0,0
2024-03-14 00:00,418.59,24,1.0,0
2024-03-15 00:00,418.68,24,1.0,0
2024-03-16 00:00,421.93,24,1.0,0
2024-03-17 00:00,422.0,24,1.0,0
2024-03-18 00:00,423.82,24,1.0,0
2024-03-19 00:00,424.43,24,1.0,0
2024-03-20 00:00,424.43,24,1.0,0
2024-03-21 00:00,424.46,24,1.0,0
2024-03-22 00:00,425.35,24,1.0,0
2024-03-23 00:00,425.75,24,1.0,0
2024-03-24 00:00,426.84,24,1.0,0
2024-03-25 00:00,427.73,24,1.0,0
2024-03-26 00:00,433.59,24,1.0,0
2024-03-27 00:00,446.53,24,1.0,0
2024-03-28 00:00,451.02,24,1.0,0
2024-03-29 00:00,451.02,24,1.0,0
2024-03-30 00:00,451.02,24,1.0,0
2024-03-31 00:00,451.02,24,1.0,0
2024-04-01 00:00,453.26,24,1.0,0
2024-04-02 00:00,454.34,24,1.0,0
2024-04-03 00:00,454.36,24,1.0,0
2024-04-04 00:00,454.37,24,1.0,0
2024-04-05 00:00,454.37,24,1.0,0
2024-04-06 00:00,454.38,24,1.0,0
2024-04-07 00:00,454.38,24,1.0,0
2024-04-08 00:00,454.38,24,1.0,0
2024-04-09 00:00,454.38,24,1.0,0
2024-04-10 00:00,455.52,24,1.0,0
2024-04-11 00:00,455.66,24,1.0,0
2024-04-12 00:00,455.68,24,1.0,0
2024-04-13 00:00,455.69,24,1.0,0
2024-04-14 00:00,455.69,24,1.0,0
2024-04-15 00:00,455.79,24,1.0,0
2024-04-16 00:00,460.95,24,1.0,0
2024-04-17 00:00,470.4,24,1.0,0
2024-04-18 00:00,478.86,24,1.0,0
2024-04-19 00:00,486.97,24,1.0,0
2024-04-20 00:00,497.88,24,1.0,0
2024-04-21 00:00,499.45,24,1.0,0
2024-04-22 00:00,499.45,24,1.0,0
2024-04-23 00:00,499.63,24,1.0,0
2024-04-24 00:00,508.3,24,1.0,0
2024-04-25 00:00,511.52,24,1.0,0
2024-04-26 00:00,513.74,24,1.0,0
2024-04-27 00:00,513.76,24,1.0,0
2024-04-28 00:00,513.77,24,1.0,0
2024-04-29 00:00,513.77,24,1.0,0
2024-04-30 00:00,513.92,24,1.0,0
2024-05-01 00:00,526.71,24,1.0,0
2024-05-02 00:00,556.93,24,1.0,0
2024-05-03 00:00,571.58,24,1.0,0
2024-05-04 00:00,571.75,24,1.0,0
2024-05-05 00:00,571.95,24,1.0,0
2024-05-06 00:00,571.96,24,1.0,0
2024-05-07 00:00,571.97,24,1.0,0
2024-05-08 00:00,582.91,24,1.0,0
2024-05-09 00:00,585.74,24,1.0,0
2024-05-10 00:00,585.96,24,1.0,0
2024-05-11 00:00,586.13,24,1.0,0
2024-05-12 00:00,586.63,24,1.0,0
2024-05-13 00:00,586.74,24,1.0,0
2024-05-14 00:00,586.77,24,1.0,0
2024-05-15 00:00,586.85,24,1.0,0
2024-05-16 00:00,586.86,24,1.0,0
2024-05-17 00:00,586.89,24,1.0,0
2024-05-18 00:00,590.32,24,1.0,0
2024-05-19 00:00,590.99,24,1.0,0
2024-05-20 00:00,590.99,24,1.0,0
2024-05-21 00:00,598.01,24,1.0,0
2024-05-22 00:00,600.63,24,1.0,0
2024-05-23 00:00,600.63,24,1.0,0
2024-05-24 00:00,600.63,24,1.0,0
2024-05-25 00:00,601.69,24,1.0,0
2024-05-26 00:00,602.46,24,1.0,0
2024-05-27 00:00,603.06,24,1.0,0
2024-05-28 00:00,604.82,24,1.0,0
2024-05-29 00:00,606.18,24,1.0,0
2024-05-30 00:00,606.8,24,1.0,0
2024-05-31 00:00,613.67,24,1.0,0
2024-06-01 00:00,616.24,24,1.0,0
2024-06-02 00:00,616.42,24,1.0,0
2024-06-03 00:00,617.05,24,1.0,0
2024-06-04 00:00,617.06,24,1.0,0
2024-06-05 00:00,617.09,24,1.0,0
2024-06-06 00:00,617.09,24,1.0,0
2024-06-07 00:00,617.09,24,1.0,0
2024-06-08 00:00,617.09,24,1.0,0
2024-06-09 00:00,617.16,24,1.0,0
2024-06-10 00:00,617.36,24,1.0,0
2024-06-11 00:00,617.96,24,1.0,0
2024-06-12 00:00,618.13,24,1.0,0
2024-06-13 00:00,618.13,24,1.0,0
2024-06-14 00:00,618.13,24,1.0,0
2024-06-15 00:00,618.13,24,1.0,0
2024-06-16 00:00,618.16,24,1.0,0
2024-06-17 00:00,618.16,24,1.0,0
2024-06-18 00:00,618.16,24,1.0,0
2024-06-19 00:00,618.16,24,1.0,0
2024-06-20 00:00,618.54,24,1.0,0
2024-06-21 00:00,618.74,24,1.0,0
2024-06-22 00:00,618.74,24,1.0,0
2024-06-23 00:00,618.83,24,1.0,0
2024-06-24 00:00,619.11,24,1.0,0
2024-06-25 00:00,633.91,24,1.0,0
2024-06-26 00:00,634.67,24,1.0,0
2024-06-27 00:00,634.74,24,1.0,0
2024-06-28 00:00,634.74,24,1.0,0
2024-06-29 00:00,634.74,24,1.0,0
2024-06-30 00:00,634.74,24,1.0,0
2024-07-01 00:00,634.76,24,1.0,0
2024-07-02 00:00,642.82,24,1.0,0
2024-07-03 00:00,645.5,24,1.0,0
2024-07-04 00:00,646.36,24,1.0,0
2024-07-05 00:00,646.36,24,1.0,0
2024-07-06 00:00,646.37,24,1.0,0
2024-07-07 00:00,646.43,24,1.0,0
2024-07-08 00:00,646.43,24,1.0,0
2024-07-09 00:00,646.43,24,1.0,0
2024-07-10 00:00,646.43,24,1.0,0
2024-07-11 00:00,646.43,24,1.0,0
2024-07-12 00:00,646.44,24,1.0,0
2024-07-13 00:00,646.44,24,1.0,0
2024-07-14 00:00,646.44,24,1.0,0
2024-07-15 00:00,646.44,24,1.0,0
2024-07-16 00:00,646.44,24,1.0,0
2024-07-17 00:00,646.53,24,1.0,0
2024-07-18 00:00,646.53,24,1.0,0
2024-07-19 00:00,646.54,24,1.0,0
2024-07-20 00:00,646.54,24,1.0,0
2024-07-21 00:00,646.54,24,1.0,0
2024-07-22 00:00,650.56,24,1.0,0
2024-07-23 00:00,650.57,24,1.0,0
2024-07-24 00:00,652.38,24,1.0,0
2024-07-25 00:00,652.4,24,1.0,0
2024-07-26 00:00,652.4,24,1.0,0
2024-07-27 00:00,652.4,24,1.0,0
2024-07-28 00:00,652.4,24,1.0,0
2024-07-29 00:00,652.67,24,1.0,0
2024-07-30 00:00,652.67,24,1.0,0
2024-07-31 00:00,652.67,24,1.0,0
2024-08-01 00:00,652.7,24,1.0,0
2024-08-02 00:00,652.7,24,1.0,0
2024-08-03 00:00,653.0,24,1.0,0
2024-08-04 00:00,653.37,24,1.0,0
2024-08-05 00:00,653.37,24,1.0,0
2024-08-06 00:00,653.46,24,1.0,0
2024-08-07 00:00,653.71,24,1.0,0
2024-08-08 00:00,653.71,24,1.0,0
2024-08-09 00:00,653.98,24,1.0,0
2024-08-10 00:00,653.98,24,1.0,0
2024-08-11 00:00,653.98,24,1.0,0
2024-08-12 00:00,653.99,24,1.0,0
2024-08-13 00:00,654.05,24,1.0,0
2024-08-14 00:00,654.05,24,1.0,0
2024-08-15 00:00,654.1,24,1.0,0
2024-08-16 00:00,654.1,24,1.0,0
2024-08-17 00:00,654.74,24,1.0,0
2024-08-18 00:00,655.89,24,1.0,0
2024-08-19 00:00,662.92,24,1.0,0
2024-08-20 00:00,666.68,24,1.0,0
2024-08-21 00:00,668.2,24,1.0,0
2024-08-22 00:00,668.2,24,1.0,0
2024-08-23 00:00,668.46,24,1.0,0
2024-08-24 00:00,668.9,24,1.0,0
2024-08-25 00:00,668.91,24,1.0,0
2024-08-26 00:00,669.05,24,1.0,0
2024-08-27 00:00,670.63,24,1.0,0
2024-08-28 00:00,671.79,24,1.0,0
2024-08-29 00:00,678.42,24,1.0,0
2024-08-30 00:00,678.44,24,1.0,0
2024-08-31 00:00,678.47,24,1.0,0
2024-09-01 00:00,678.47,24,1.0,0
2024-09-02 00:00,679.19,24,1.0,0
2024-09-03 00:00,688.87,24,1.0,0
2024-09-04 00:00,689.55,24,1.0,0
2024-09-05 00:00,696.73,24,1.0,0
2024-09-06 00:00,698.61,24,1.0,0
2024-09-07 00:00,698.61,24,1.0,0
2024-09-08 00:00,698.61,24,1.0,0
2024-09-09 00:00,735.46,24,1.0,0
2024-09-10 00:00,735.78,24,1.0,0
2024-09-11 00:00,735.78,24,1.0,0
2024-09-12 00:00,753.9,24,1.0,0
2024-09-13 00:00,761.12,24,1.0,0
2024-09-14 00:00,761.38,24,1.0,0
2024-09-15 00:00,761.38,24,1.0,0
2024-09-16 00:00,765.5,24,1.0,0
2024-09-17 00:00,774.34,24,1.0,0
2024-09-18 00:00,781.96,24,1.0,0
2024-09-19 00:00,792.82,24,1.0,0
2024-09-20 00:00,793.13,24,1.0,0
2024-09-21 00:00,793.14,24,1.0,0
2024-09-22 00:00,793.26,24,1.0,0
2024-09-23 00:00,797.68,24,1.0,0
2024-09-24 00:00,815.78,24,1.0,0
2024-09-25 00:00,822.22,24,1.0,0
2024-09-26 00:00,822.71,24,1.0,0
2024-09-27 00:00,822.76,24,1.0,0
2024-09-28 00:00,831.79,24,1.0,0
2024-09-29 00:00,831.88,24,1.0,0
2024-09-30 00:00,831.88,24,1.0,0
2024-10-01 00:00,831.88,24,1.0,0
2024-10-02 00:00,832.02,24,1.0,0
2024-10-03 00:00,859.4,24,1.0,0
2024-10-04 00:00,867.9,24,1.0,0
2024-10-05 00:00,875.11,24,1.0,0
2024-10-06 00:00,875.38,24,1.0,0
2024-10-07 00:00,875.38,24,1.0,0
2024-10-08 00:00,902.56,24,1.0,0
2024-10-09 00:00,911.51,24,1.0,0
2024-10-10 00:00,914.87,24,1.0,0
2024-10-11 00:00,915.84,24,1.0,0
2024-10-12 00:00,915.84,24,1.0,0
2024-10-13 00:00,915.93,24,1.0,0
2024-10-14 00:00,915.93,24,1.0,0
2024-10-15 00:00,915.93,24,1.0,0
2024-10-16 00:00,916.9,24,1.0,0
2024-10-17 00:00,918.23,24,1.0,0
2024-10-18 00:00,928.26,24,1.0,0
2024-10-19 00:00,958.97,24,1.0,0
2024-10-20 00:00,964.27,24,1.0,0
2024-10-21 00:00,965.1,24,1.0,0
2024-10-22 00:00,970.2,24,1.0,0
2024-10-23 00:00,971.08,24,1.0,0
2024-10-24 00:00,976.97,24,1.0,0
2024-10-25 00:00,977.17,24,1.0,0
2024-10-26 00:00,977.31,24,1.0,0
2024-10-27 00:00,977.32,24,1.0,0
2024-10-28 00:00,977.32,24,1.0,0
2024-10-29 00:00,977.32,24,1.0,0
2024-10-30 00:00,977.32,24,1.0,0
2024-10-31 00:00,977.32,24,1.0,0
2024-11-01 00:00,977.33,24,1.0,0
2024-11-02 00:00,977.33,24,1.0,0
2024-11-03 00:00,977.33,24,1.0,0
2024-11-04 00:00,977.33,24,1.0,0
2024-11-05 00:00,977.33,24,1.0,0
2024-11-06 00:00,977.33,24,1.0,0
2024-11-07 00:00,977.33,24,1.0,0
2024-11-08 00:00,977.34,24,1.0,0
2024-11-09 00:00,977.34,24,1.0,0
2024-11-10 00:00,977.35,24,1.0,0
2024-11-11 00:00,977.38,24,1.0,0
2024-11-12 00:00,977.49,24,1.0,0
2024-11-13 00:00,1001.96,24,1.0,0
2024-11-14 00:00,1009.81,24,1.0,0
2024-11-15 00:00,1010.0,24,1.0,0
2024-11-16 00:00,1010.0,24,1.0,0
2024-11-17 00:00,1010.05,24,1.0,0
2024-11-18 00:00,1014.23,24,1.0,0
2024-11-19 00:00,1022.5,24,1.0,0
2024-11-20 00:00,1044.42,24,1.0,0
2024-11-21 00:00,1047.19,24,1.0,0
2024-11-22 00:00,1066.37,24,1.0,0
2024-11-23 00:00,1066.37,24,1.0,0
2024-11-24 00:00,1066.37,24,1.0,0
2024-11-25 00:00,1066.38,24,1.0,0
2024-11-26 00:00,1067.82,24,1.0,0
2024-11-27 00:00,1069.35,24,1.0,0
2024-11-28 00:00,1074.31,24,1.0,0
2024-11-29 00:00,1078.36,24,1.0,0
2024-11-30 00:00,1078.92,24,1.0,0
2024-12-01 00:00,1079.05,24,1.0,0
2024-12-02 00:00,1079.06,24,1.0,0
2024-12-03 00:00,1080.74,24,1.0,0
2024-12-04 00:00,1085.98,24,1.0,0
2024-12-05 00:00,1090.46,24,1.0,0
2024-12-06 00:00,1090.51,24,1.0,0
2024-12-07 00:00,1092.29,24,1.0,0
2024-12-08 00:00,1129.41,24,1.0,0
2024-12-09 00:00,1139.56,24,1.0,0
2024-12-10 00:00,1142.36,24,1.0,0
2024-12-11 00:00,1145.24,24,1.0,0
2024-12-12 00:00,1145.27,24,1.0,0
2024-12-13 00:00,1153.2,24,1.0,0
2024-12-14 00:00,1167.97,24,1.0,0
2024-12-15 00:00,1168.84,24,1.0,0
2024-12-16 00:00,1168.84,24,1.0,0
2024-12-17 00:00,1168.84,24,1.0,0
2024-12-18 00:00,1168.86,24,1.0,0
2024-12-19 00:00,1170.35,24,1.0,0
2024-12-20 00:00,1186.04,24,1.0,0
2024-12-21 00:00,1187.27,24,1.0,0
2024-12-22 00:00,1197.47,24,1.0,0
2024-12-23 00:00,1217.79,24,1.0,0
2024-12-24 00:00,1221.86,24,1.0,0
2024-12-25 00:00,1222.45,24,1.0,0
2024-12-26 00:00,1222.61,24,1.0,0
2024-12-27 00:00,1222.62,24,1.0,0
2024-12-28 00:00,1222.62,24,1.0,0
2024-12-29 00:00,1222.62,24,1.0,0
2024-12-30 00:00,1222.62,24,1.0,0
2024-12-31 00:00,1222.62,24,1.0,0
