time,value,flag
2026-01-01 02:30,0.2915,0
2026-01-01 05:30,0.2934,0
2026-01-01 08:30,0.2954,0
2026-01-01 11:30,0.2943,0
2026-01-01 14:30,0.2913,0
2026-01-01 17:30,0.292,0
2026-01-01 20:30,0.2943,0
2026-01-01 23:30,0.2971,0
2026-01-02 02:30,0.3022,0
2026-01-02 05:30,0.3057,0
2026-01-02 08:30,0.307,0
2026-01-02 11:30,0.3058,0
2026-01-02 14:30,0.3035,0
2026-01-02 17:30,0.2992,0
2026-01-02 20:30,0.3033,0
2026-01-02 23:30,0.3049,0
2026-01-03 02:30,0.307,0
2026-01-03 05:30,0.3091,0
2026-01-03 08:30,0.3101,0
2026-01-03 11:30,0.3106,0
2026-01-03 14:30,0.3107,0
2026-01-03 17:30,0.3105,0
2026-01-03 20:30,0.3105,0
2026-01-03 23:30,0.3104,0
2026-01-04 02:30,0.311,0
2026-01-04 05:30,0.3119,0
2026-01-04 08:30,0.3174,0
2026-01-04 11:30,0.3215,0
2026-01-04 14:30,0.3232,0
2026-01-04 17:30,0.3247,0
2026-01-04 20:30,0.3285,0
2026-01-04 23:30,0.335,0
2026-01-05 02:30,0.3353,0
2026-01-05 05:30,0.3455,0
2026-01-05 08:30,0.3406,0
2026-01-05 11:30,0.3347,0
2026-01-05 14:30,0.3296,0
2026-01-05 17:30,0.3296,0
2026-01-05 20:30,0.3291,0
2026-01-05 23:30,0.3305,0
2026-01-06 02:30,0.3379,0
2026-01-06 05:30,0.3395,0
2026-01-06 08:30,0.337,0
2026-01-06 11:30,0.3323,0
2026-01-06 14:30,0.3319,0
2026-01-06 17:30,0.3377,0
2026-01-06 20:30,0.3419,0
2026-01-06 23:30,0.3378,0
2026-01-07 02:30,0.3348,0
2026-01-07 05:30,0.3334,0
2026-01-07 08:30,0.3416,0
2026-01-07 11:30,0.3475,0
2026-01-07 14:30,0.3434,0
2026-01-07 17:30,0.346,0
2026-01-07 20:30,0.3421,0
2026-01-07 23:30,0.3385,0
2026-01-08 02:30,0.3351,0
2026-01-08 05:30,0.3329,0
2026-01-08 08:30,0.3311,0
2026-01-08 11:30,0.3269,0
2026-01-08 14:30,0.3206,0
2026-01-08 17:30,0.3194,0
2026-01-08 20:30,0.3203,0
2026-01-08 23:30,0.3209,0
2026-01-09 02:30,0.3224,0
2026-01-09 05:30,0.3235,0
2026-01-09 08:30,0.3275,0
2026-01-09 11:30,0.3338,0
2026-01-09 14:30,0.3371,0
2026-01-09 17:30,0.3496,0
2026-01-09 20:30,0.343,0
2026-01-09 23:30,0.343,0
2026-01-10 02:30,0.3633,0
2026-01-10 05:30,0.36,0
2026-01-10 08:30,0.3541,0
2026-01-10 11:30,0.3535,0
2026-01-10 14:30,0.3565,0
2026-01-10 17:30,0.3515,0
2026-01-10 20:30,0.3469,0
2026-01-10 23:30,0.3439,0
2026-01-11 02:30,0.3418,0
2026-01-11 05:30,0.3408,0
2026-01-11 08:30,0.3397,0
2026-01-11 11:30,0.3365,0
2026-01-11 14:30,0.3313,0
2026-01-11 17:30,0.3288,0
2026-01-11 20:30,0.3276,0
2026-01-11 23:30,0.3272,0
2026-01-12 02:30,0.3268,0
2026-01-12 05:30,0.3262,0
2026-01-12 08:30,0.3259,0
2026-01-12 11:30,0.3247,0
2026-01-12 14:30,0.3218,0
2026-01-12 17:30,0.3212,0
2026-01-12 20:30,0.3221,0
2026-01-12 23:30,0.3233,0
2026-01-13 02:30,0.3242,0
2026-01-13 05:30,0.3248,0
2026-01-13 08:30,0.3255,0
2026-01-13 11:30,0.3245,0
2026-01-13 14:30,0.3224,0
2026-01-13 17:30,0.3227,0
2026-01-13 20:30,0.3237,0
2026-01-13 23:30,0.3246,0
2026-01-14 02:30,0.3252,0
2026-01-14 05:30,0.3253,0
2026-01-14 08:30,0.3259,0
2026-01-14 11:30,0.3254,0
2026-01-14 14:30,0.3234,0
2026-01-14 17:30,0.3231,0
2026-01-14 20:30,0.3232,0
2026-01-14 23:30,0.324,0
2026-01-15 02:30,0.3244,0
2026-01-15 05:30,0.3247,0
2026-01-15 08:30,0.325,0
2026-01-15 11:30,0.3243,0
2026-01-15 14:30,0.3217,0
2026-01-15 17:30,0.3215,0
2026-01-15 20:30,0.3227,0
2026-01-15 23:30,0.3233,0
2026-01-16 02:30,0.3232,0
2026-01-16 05:30,0.3238,0
2026-01-16 08:30,0.3246,0
2026-01-16 11:30,0.3228,0
2026-01-16 14:30,0.319,0
2026-01-16 17:30,0.3176,0
2026-01-16 20:30,0.3154,0
2026-01-16 23:30,0.3168,0
2026-01-17 02:30,0.3185,0
2026-01-17 05:30,0.32,0
2026-01-17 08:30,0.3211,0
2026-01-17 11:30,0.3202,0
2026-01-17 14:30,0.3173,0
2026-01-17 17:30,0.3169,0
2026-01-17 20:30,0.3179,0
2026-01-17 23:30,0.3193,0
2026-01-18 02:30,0.3207,0
2026-01-18 05:30,0.3223,0
2026-01-18 08:30,0.3221,0
2026-01-18 11:30,0.3223,0
2026-01-18 14:30,0.3222,0
2026-01-18 17:30,0.3197,0
2026-01-18 20:30,0.3201,0
2026-01-18 23:30,0.3306,0
2026-01-19 02:30,0.3396,0
2026-01-19 05:30,0.3624,0
2026-01-19 08:30,0.363,0
2026-01-19 11:30,0.3539,0
2026-01-19 14:30,0.3512,0
2026-01-19 17:30,0.3456,0
2026-01-19 20:30,0.3429,0
2026-01-19 23:30,0.341,0
2026-01-20 02:30,0.3388,0
2026-01-20 05:30,0.3366,0
2026-01-20 08:30,0.3347,0
2026-01-20 11:30,0.3314,0
2026-01-20 14:30,0.3286,0
2026-01-20 17:30,0.3329,0
2026-01-20 20:30,0.3466,0
2026-01-20 23:30,0.3577,0
2026-01-21 02:30,0.3563,0
2026-01-21 05:30,0.3491,0
2026-01-21 08:30,0.3455,0
2026-01-21 11:30,0.3421,0
2026-01-21 14:30,0.3392,0
2026-01-21 17:30,0.3395,0
2026-01-21 20:30,0.3401,0
2026-01-21 23:30,0.3387,0
2026-01-22 02:30,0.3413,0
2026-01-22 05:30,0.3421,0
2026-01-22 08:30,0.3402,0
2026-01-22 11:30,0.3371,0
2026-01-22 14:30,0.3338,0
2026-01-22 17:30,0.3324,0
2026-01-22 20:30,0.3327,0
2026-01-22 23:30,0.3337,0
2026-01-23 02:30,0.3338,0
2026-01-23 05:30,0.3326,0
2026-01-23 08:30,0.3317,0
2026-01-23 11:30,0.3298,0
2026-01-23 14:30,0.3263,0
2026-01-23 17:30,0.3252,0
2026-01-23 20:30,0.3263,0
2026-01-23 23:30,0.3277,0
2026-01-24 02:30,0.3308,0
2026-01-24 05:30,0.3446,0
2026-01-24 08:30,0.3576,0
2026-01-24 11:30,0.358,0
2026-01-24 14:30,0.3509,0
2026-01-24 17:30,0.3473,0
2026-01-24 20:30,0.345,0
2026-01-24 23:30,0.3438,0
2026-01-25 02:30,0.3439,0
2026-01-25 05:30,0.3529,0
2026-01-25 08:30,0.375,0
2026-01-25 11:30,0.3766,0
2026-01-25 14:30,0.3582,0
2026-01-25 17:30,0.3523,0
2026-01-25 20:30,0.3552,0
2026-01-25 23:30,0.3553,0
2026-01-26 02:30,0.3523,0
2026-01-26 05:30,0.351,0
2026-01-26 08:30,0.3498,0
2026-01-26 11:30,0.3483,0
2026-01-26 14:30,0.3489,0
2026-01-26 17:30,0.3591,0
2026-01-26 20:30,0.3556,0
2026-01-26 23:30,0.3522,0
2026-01-27 02:30,0.3498,0
2026-01-27 05:30,0.3479,0
2026-01-27 08:30,0.3458,0
2026-01-27 11:30,0.3427,0
2026-01-27 14:30,0.3389,0
2026-01-27 17:30,0.3374,0
2026-01-27 20:30,0.3378,0
2026-01-27 23:30,0.3385,0
2026-01-28 02:30,0.339,0
2026-01-28 05:30,0.3416,0
2026-01-28 08:30,0.3688,0
2026-01-28 11:30,0.3917,0
2026-01-28 14:30,0.3713,0
2026-01-28 17:30,0.3624,0
2026-01-28 20:30,0.36,0
2026-01-28 23:30,0.3584,0
2026-01-29 02:30,0.3662,0
2026-01-29 05:30,0.372,0
2026-01-29 08:30,0.3677,0
2026-01-29 11:30,0.3617,0
2026-01-29 14:30,0.3587,0
2026-01-29 17:30,0.3567,0
2026-01-29 20:30,0.3552,0
2026-01-29 23:30,0.354,0
2026-01-30 02:30,0.3533,0
2026-01-30 05:30,0.3527,0
2026-01-30 08:30,0.3516,0
2026-01-30 11:30,0.3498,0
2026-01-30 14:30,0.3482,0
2026-01-30 17:30,0.3493,0
2026-01-30 20:30,0.3487,0
2026-01-30 23:30,0.3485,0
2026-01-31 02:30,0.3486,0
2026-01-31 05:30,0.3487,0
2026-01-31 08:30,0.3484,0
2026-01-31 11:30,0.3483,0
2026-01-31 14:30,0.3476,0
2026-01-31 17:30,0.3484,0
2026-01-31 20:30,0.3475,0
2026-01-31 23:30,0.346,0
2026-02-01 02:30,0.3449,0
2026-02-01 05:30,0.3443,0
2026-02-01 08:30,0.3425,0
2026-02-01 11:30,0.3409,0
2026-02-01 14:30,0.3381,0
2026-02-01 17:30,0.3376,0
2026-02-01 20:30,0.3389,0
2026-02-01 23:30,0.3393,0
2026-02-02 02:30,0.3395,0
2026-02-02 05:30,0.3399,0
2026-02-02 08:30,0.3398,0
2026-02-02 11:30,0.3379,0
2026-02-02 14:30,0.335,0
2026-02-02 17:30,0.3348,0
2026-02-02 20:30,0.3388,0
2026-02-02 23:30,0.3414,0
2026-02-03 02:30,0.3459,0
2026-02-03 05:30,0.3476,0
2026-02-03 08:30,0.346,0
2026-02-03 11:30,0.343,0
2026-02-03 14:30,0.3386,0
2026-02-03 17:30,0.3378,0
2026-02-03 20:30,0.3388,0
2026-02-03 23:30,0.3398,0
2026-02-04 02:30,0.349,0
2026-02-04 05:30,0.3486,0
2026-02-04 08:30,0.3464,0
2026-02-04 11:30,0.3662,0
2026-02-04 14:30,0.3904,0
2026-02-04 17:30,0.3896,0
2026-02-04 20:30,0.3825,0
2026-02-04 23:30,0.3852,0
2026-02-05 02:30,0.3901,0
2026-02-05 05:30,0.3791,0
2026-02-05 08:30,0.3719,0
2026-02-05 11:30,0.3684,0
2026-02-05 14:30,0.3668,0
2026-02-05 17:30,0.3643,0
2026-02-05 20:30,0.3621,0
2026-02-05 23:30,0.3623,0
2026-02-06 02:30,0.3778,0
2026-02-06 05:30,0.3798,0
2026-02-06 08:30,0.3728,0
2026-02-06 11:30,0.3707,0
2026-02-06 14:30,0.367,0
2026-02-06 17:30,0.3638,0
2026-02-06 20:30,0.3603,0
2026-02-06 23:30,0.3589,0
2026-02-07 02:30,0.358,0
2026-02-07 05:30,0.3577,0
2026-02-07 08:30,0.3574,0
2026-02-07 11:30,0.3599,0
2026-02-07 14:30,0.3772,0
2026-02-07 17:30,0.3857,0
2026-02-07 20:30,0.3815,0
2026-02-07 23:30,0.3741,0
2026-02-08 02:30,0.3713,0
2026-02-08 05:30,0.3691,0
2026-02-08 08:30,0.3679,0
2026-02-08 11:30,0.3685,0
2026-02-08 14:30,0.3694,0
2026-02-08 17:30,0.3678,0
2026-02-08 20:30,0.3667,0
2026-02-08 23:30,0.3674,0
2026-02-09 02:30,0.3752,0
2026-02-09 05:30,0.3812,0
2026-02-09 08:30,0.3739,0
2026-02-09 11:30,0.3693,0
2026-02-09 14:30,0.3674,0
2026-02-09 17:30,0.3665,0
2026-02-09 20:30,0.3648,0
2026-02-09 23:30,0.3639,0
2026-02-10 02:30,0.3644,0
2026-02-10 05:30,0.364,0
2026-02-10 08:30,0.3637,0
2026-02-10 11:30,0.364,0
2026-02-10 14:30,0.3637,0
2026-02-10 17:30,0.3629,0
2026-02-10 20:30,0.3628,0
2026-02-10 23:30,0.3621,0
2026-02-11 02:30,0.3624,0
2026-02-11 05:30,0.3637,0
2026-02-11 08:30,0.3796,0
2026-02-11 11:30,0.3942,0
2026-02-11 14:30,0.3892,0
2026-02-11 17:30,0.3757,0
2026-02-11 20:30,0.3727,0
2026-02-11 23:30,0.3704,0
2026-02-12 02:30,0.3697,0
2026-02-12 05:30,0.3726,0
2026-02-12 08:30,0.3787,0
2026-02-12 11:30,0.3915,0
2026-02-12 14:30,0.3884,0
2026-02-12 17:30,0.3821,0
2026-02-12 20:30,0.3794,0
2026-02-12 23:30,0.3788,0
2026-02-13 02:30,0.3755,0
2026-02-13 05:30,0.3731,0
2026-02-13 08:30,0.3711,0
2026-02-13 11:30,0.3686,0
2026-02-13 14:30,0.3662,0
2026-02-13 17:30,0.3652,0
2026-02-13 20:30,0.3653,0
2026-02-13 23:30,0.3649,0
2026-02-14 02:30,0.3645,0
2026-02-14 05:30,0.3665,0
2026-02-14 08:30,0.3665,0
2026-02-14 11:30,0.3667,0
2026-02-14 14:30,0.3716,0
2026-02-14 17:30,0.371,0
2026-02-14 20:30,0.3717,0
2026-02-14 23:30,0.3832,0
2026-02-15 02:30,0.3841,0
2026-02-15 05:30,0.3753,0
2026-02-15 08:30,0.3719,0
2026-02-15 11:30,0.3699,0
2026-02-15 14:30,0.3706,0
2026-02-15 17:30,0.3696,0
2026-02-15 20:30,0.3674,0
2026-02-15 23:30,0.3666,0
2026-02-16 02:30,0.3659,0
2026-02-16 05:30,0.3651,0
2026-02-16 08:30,0.3644,0
2026-02-16 11:30,0.3641,0
2026-02-16 14:30,0.3691,0
2026-02-16 17:30,0.3776,0
2026-02-16 20:30,0.3828,0
2026-02-16 23:30,0.3831,0
2026-02-17 02:30,0.3771,0
2026-02-17 05:30,0.3749,0
2026-02-17 08:30,0.3725,0
2026-02-17 11:30,0.3701,0
2026-02-17 14:30,0.366,0
2026-02-17 17:30,0.3647,0
2026-02-17 20:30,0.3638,0
2026-02-17 23:30,0.3632,0
2026-02-18 02:30,0.3628,0
2026-02-18 05:30,0.3628,0
2026-02-18 08:30,0.3624,0
2026-02-18 11:30,0.3598,0
2026-02-18 14:30,0.3568,0
2026-02-18 17:30,0.3553,0
2026-02-18 20:30,0.3556,0
2026-02-18 23:30,0.356,0
2026-02-19 02:30,0.3564,0
2026-02-19 05:30,0.3564,0
2026-02-19 08:30,0.3574,0
2026-02-19 11:30,0.3566,0
2026-02-19 14:30,0.3549,0
2026-02-19 17:30,0.3642,0
2026-02-19 20:30,0.3836,0
2026-02-19 23:30,0.3795,0
2026-02-20 02:30,0.3736,0
2026-02-20 05:30,0.3702,0
2026-02-20 08:30,0.3687,0
2026-02-20 11:30,0.369,0
2026-02-20 14:30,0.3676,0
2026-02-20 17:30,0.3759,0
2026-02-20 20:30,0.3743,0
2026-02-20 23:30,0.3704,0
2026-02-21 02:30,0.368,0
2026-02-21 05:30,0.3657,0
2026-02-21 08:30,0.3636,0
2026-02-21 11:30,0.3608,0
2026-02-21 14:30,0.3582,0
2026-02-21 17:30,0.357,0
2026-02-21 20:30,0.3565,0
2026-02-21 23:30,0.3566,0
2026-02-22 02:30,0.3569,0
2026-02-22 05:30,0.3568,0
2026-02-22 08:30,0.3568,0
2026-02-22 11:30,0.355,0
2026-02-22 14:30,0.3518,0
2026-02-22 17:30,0.3511,0
2026-02-22 20:30,0.3513,0
2026-02-22 23:30,0.3518,0
2026-02-23 02:30,0.3519,0
2026-02-23 05:30,0.3524,0
2026-02-23 08:30,0.3525,0
2026-02-23 11:30,0.3518,0
2026-02-23 14:30,0.35,0
2026-02-23 17:30,0.3493,0
2026-02-23 20:30,0.3499,0
2026-02-23 23:30,0.3506,0
2026-02-24 02:30,0.3502,0
2026-02-24 05:30,0.3504,0
2026-02-24 08:30,0.3496,0
2026-02-24 11:30,0.3474,0
2026-02-24 14:30,0.3455,0
2026-02-24 17:30,0.3447,0
2026-02-24 20:30,0.3451,0
2026-02-24 23:30,0.3454,0
2026-02-25 02:30,0.3454,0
2026-02-25 05:30,0.3463,0
2026-02-25 08:30,0.3447,0
2026-02-25 11:30,0.3436,0
2026-02-25 14:30,0.3415,0
2026-02-25 17:30,0.3412,0
2026-02-25 20:30,0.3425,0
2026-02-25 23:30,0.3429,0
2026-02-26 02:30,0.3426,0
2026-02-26 05:30,0.3424,0
2026-02-26 08:30,0.3425,0
2026-02-26 11:30,0.3404,0
2026-02-26 14:30,0.3373,0
2026-02-26 17:30,0.337,0
2026-02-26 20:30,0.3392,0
2026-02-26 23:30,0.3408,0
2026-02-27 02:30,0.3414,0
2026-02-27 05:30,0.3409,0
2026-02-27 08:30,0.3153,0
2026-02-27 11:30,0.3179,0
2026-02-27 14:30,0.3185,0
2026-02-27 17:30,0.3191,0
2026-02-27 20:30,0.3229,0
2026-02-27 23:30,0.3253,0
2026-02-28 02:30,0.3268,0
2026-02-28 05:30,0.3281,0
2026-02-28 08:30,0.3289,0
2026-02-28 11:30,0.3284,0
2026-02-28 14:30,0.3265,0
2026-02-28 17:30,0.3269,0
2026-02-28 20:30,0.3294,0
2026-02-28 23:30,0.3317,0
2026-03-01 02:30,0.3335,0
2026-03-01 05:30,0.3349,0
2026-03-01 08:30,0.3353,0
2026-03-01 11:30,0.3347,0
2026-03-01 14:30,0.3327,0
2026-03-01 17:30,0.3308,0
2026-03-01 20:30,0.3321,0
2026-03-01 23:30,0.3338,0
2026-03-02 02:30,0.3346,0
2026-03-02 05:30,0.3356,0
2026-03-02 08:30,0.3256,0
2026-03-02 11:30,0.3263,0
2026-03-02 14:30,0.3249,0
2026-03-02 17:30,0.3256,0
2026-03-02 20:30,0.3212,0
2026-03-02 23:30,0.3247,0
2026-03-03 02:30,0.3328,0
2026-03-03 05:30,0.3362,0
2026-03-03 08:30,0.337,0
2026-03-03 11:30,0.3349,0
2026-03-03 14:30,0.3295,0
2026-03-03 17:30,0.328,0
2026-03-03 20:30,0.3297,0
2026-03-03 23:30,0.3307,0
2026-03-04 02:30,0.3315,0
2026-03-04 05:30,0.3324,0
2026-03-04 08:30,0.3322,0
2026-03-04 11:30,0.329,0
2026-03-04 14:30,0.325,0
2026-03-04 17:30,0.3265,0
2026-03-04 20:30,0.3274,0
2026-03-04 23:30,0.3285,0
2026-03-05 02:30,0.3294,0
2026-03-05 05:30,0.3304,0
2026-03-05 08:30,0.3269,0
2026-03-05 11:30,0.3239,0
2026-03-05 14:30,0.3188,0
2026-03-05 17:30,0.3169,0
2026-03-05 20:30,0.3129,0
2026-03-05 23:30,0.3158,0
2026-03-06 02:30,0.3189,0
2026-03-06 05:30,0.3212,0
2026-03-06 08:30,0.3233,0
2026-03-06 11:30,0.3218,0
2026-03-06 14:30,0.3188,0
2026-03-06 17:30,0.3181,0
2026-03-06 20:30,0.3194,0
2026-03-06 23:30,0.3206,0
2026-03-07 02:30,0.3224,0
2026-03-07 05:30,0.3235,0
2026-03-07 08:30,0.3247,0
2026-03-07 11:30,0.3212,0
2026-03-07 14:30,0.3153,0
2026-03-07 17:30,0.314,0
2026-03-07 20:30,0.3125,0
2026-03-07 23:30,0.3169,0
2026-03-08 02:30,0.3194,0
2026-03-08 05:30,0.3219,0
2026-03-08 08:30,0.3236,0
2026-03-08 11:30,0.3225,0
2026-03-08 14:30,0.3262,0
2026-03-08 17:30,0.3333,0
2026-03-08 20:30,0.3351,0
2026-03-08 23:30,0.3343,0
2026-03-09 02:30,0.3338,0
2026-03-09 05:30,0.3331,0
2026-03-09 08:30,0.3321,0
2026-03-09 11:30,0.3298,0
2026-03-09 14:30,0.3497,0
2026-03-09 17:30,0.3644,0
2026-03-09 20:30,0.3517,0
2026-03-09 23:30,0.3494,0
2026-03-10 02:30,0.3519,0
2026-03-10 05:30,0.3489,0
2026-03-10 08:30,0.3459,0
2026-03-10 11:30,0.341,0
2026-03-10 14:30,0.3401,0
2026-03-10 17:30,0.3459,0
2026-03-10 20:30,0.3447,0
2026-03-10 23:30,0.3433,0
2026-03-11 02:30,0.3418,0
2026-03-11 05:30,0.3402,0
2026-03-11 08:30,0.339,0
2026-03-11 11:30,0.3343,0
2026-03-11 14:30,0.3297,0
2026-03-11 17:30,0.3305,0
2026-03-11 20:30,0.3313,0
2026-03-11 23:30,0.331,0
2026-03-12 02:30,0.3305,0
2026-03-12 05:30,0.331,0
2026-03-12 08:30,0.3297,0
2026-03-12 11:30,0.3271,0
2026-03-12 14:30,0.3447,0
2026-03-12 17:30,0.3491,0
2026-03-12 20:30,0.3469,0
2026-03-12 23:30,0.3452,0
2026-03-13 02:30,0.3437,0
2026-03-13 05:30,0.3431,0
2026-03-13 08:30,0.341,0
2026-03-13 11:30,0.335,0
2026-03-13 14:30,0.3337,0
2026-03-13 17:30,0.3438,0
2026-03-13 20:30,0.3495,0
2026-03-13 23:30,0.3497,0
2026-03-14 02:30,0.3653,0
2026-03-14 05:30,0.3518,0
2026-03-14 08:30,0.3482,0
2026-03-14 11:30,0.3411,0
2026-03-14 14:30,0.3342,0
2026-03-14 17:30,0.3309,0
2026-03-14 20:30,0.3315,0
2026-03-14 23:30,0.3328,0
2026-03-15 02:30,0.3337,0
2026-03-15 05:30,0.3336,0
2026-03-15 08:30,0.3223,0
2026-03-15 11:30,0.3195,0
2026-03-15 14:30,0.3143,0
2026-03-15 17:30,0.3135,0
2026-03-15 20:30,0.3215,0
2026-03-15 23:30,0.3267,0
2026-03-16 02:30,0.3459,0
2026-03-16 05:30,0.3484,0
2026-03-16 08:30,0.3498,0
2026-03-16 11:30,0.3429,0
2026-03-16 14:30,0.3338,0
2026-03-16 17:30,0.3287,0
2026-03-16 20:30,0.3291,0
2026-03-16 23:30,0.3328,0
2026-03-17 02:30,0.3478,0
2026-03-17 05:30,0.3631,0
2026-03-17 08:30,0.3932,0
2026-03-17 11:30,0.37,0
2026-03-17 14:30,0.3552,0
2026-03-17 17:30,0.3495,0
2026-03-17 20:30,0.3656,0
2026-03-17 23:30,0.3639,0
2026-03-18 02:30,0.3562,0
2026-03-18 05:30,0.3533,0
2026-03-18 08:30,0.3607,0
2026-03-18 11:30,0.3602,0
2026-03-18 14:30,0.3668,0
2026-03-18 17:30,0.369,0
2026-03-18 20:30,0.3611,0
2026-03-18 23:30,0.3566,0
2026-03-19 02:30,0.356,0
2026-03-19 05:30,0.3576,0
2026-03-19 08:30,0.3618,0
2026-03-19 11:30,0.3586,0
2026-03-19 14:30,0.3557,0
2026-03-19 17:30,0.3515,0
2026-03-19 20:30,0.3501,0
2026-03-19 23:30,0.3491,0
2026-03-20 02:30,0.355,0
2026-03-20 05:30,0.3526,0
2026-03-20 08:30,0.3501,0
2026-03-20 11:30,0.3462,0
2026-03-20 14:30,0.3428,0
2026-03-20 17:30,0.3417,0
2026-03-20 20:30,0.34,0
2026-03-20 23:30,0.3396,0
2026-03-21 02:30,0.3407,0
2026-03-21 05:30,0.3415,0
2026-03-21 08:30,0.3415,0
2026-03-21 11:30,0.339,0
2026-03-21 14:30,0.3368,0
2026-03-21 17:30,0.3349,0
2026-03-21 20:30,0.3318,0
2026-03-21 23:30,0.3319,0
2026-03-22 02:30,0.3318,0
2026-03-22 05:30,0.3326,0
2026-03-22 08:30,0.333,0
2026-03-22 11:30,0.3318,0
2026-03-22 14:30,0.3305,0
2026-03-22 17:30,0.3303,0
2026-03-22 20:30,0.3319,0
2026-03-22 23:30,0.3371,0
2026-03-23 02:30,0.345,0
2026-03-23 05:30,0.3455,0
2026-03-23 08:30,0.3424,0
2026-03-23 11:30,0.3391,0
2026-03-23 14:30,0.3374,0
2026-03-23 17:30,0.349,0
2026-03-23 20:30,0.3621,0
2026-03-23 23:30,0.3592,0
2026-03-24 02:30,0.3533,0
2026-03-24 05:30,0.3508,0
2026-03-24 08:30,0.348,0
2026-03-24 11:30,0.3422,0
2026-03-24 14:30,0.3374,0
2026-03-24 17:30,0.335,0
2026-03-24 20:30,0.3348,0
2026-03-24 23:30,0.3352,0
2026-03-25 02:30,0.3365,0
2026-03-25 05:30,0.3376,0
2026-03-25 08:30,0.3376,0
2026-03-25 11:30,0.3322,0
2026-03-25 14:30,0.3243,0
2026-03-25 17:30,0.3217,0
2026-03-25 20:30,0.3236,0
2026-03-25 23:30,0.3253,0
2026-03-26 02:30,0.3264,0
2026-03-26 05:30,0.3334,0
2026-03-26 08:30,0.3372,0
2026-03-26 11:30,0.3418,0
2026-03-26 14:30,0.342,0
2026-03-26 17:30,0.3688,0
2026-03-26 20:30,0.3585,0
2026-03-26 23:30,0.3561,0
2026-03-27 02:30,0.3534,0
2026-03-27 05:30,0.351,0
2026-03-27 08:30,0.3485,0
2026-03-27 11:30,0.342,0
2026-03-27 14:30,0.3359,0
2026-03-27 17:30,0.3329,0
2026-03-27 20:30,0.333,0
2026-03-27 23:30,0.3338,0
2026-03-28 02:30,0.3347,0
2026-03-28 05:30,0.3353,0
2026-03-28 08:30,0.3353,0
2026-03-28 11:30,0.3332,0
2026-03-28 14:30,0.3299,0
2026-03-28 17:30,0.3251,0
2026-03-28 20:30,0.3262,0
2026-03-28 23:30,0.3274,0
2026-03-29 02:30,0.3279,0
2026-03-29 05:30,0.3282,0
2026-03-29 08:30,0.3275,0
2026-03-29 11:30,0.3233,0
2026-03-29 14:30,0.3185,0
2026-03-29 17:30,0.3165,0
2026-03-29 20:30,0.3171,0
2026-03-29 23:30,0.3188,0
2026-03-30 02:30,0.3209,0
2026-03-30 05:30,0.3232,0
2026-03-30 08:30,0.3243,0
2026-03-30 11:30,0.3209,0
2026-03-30 14:30,0.3156,0
2026-03-30 17:30,0.3203,0
2026-03-30 20:30,0.3549,0
2026-03-30 23:30,0.3863,0
2026-03-31 02:30,0.3891,0
2026-03-31 05:30,0.3882,0
2026-03-31 08:30,0.3664,0
2026-03-31 11:30,0.3656,0
2026-03-31 14:30,0.3659,0
2026-03-31 17:30,0.3603,0
2026-03-31 20:30,0.3586,0
2026-03-31 23:30,0.3677,0
2026-04-01 02:30,0.3652,0
2026-04-01 05:30,0.3753,0
2026-04-01 08:30,0.3618,0
2026-04-01 11:30,0.359,0
2026-04-01 14:30,0.3658,0
2026-04-01 17:30,0.3617,0
2026-04-01 20:30,0.3581,0
2026-04-01 23:30,0.3566,0
2026-04-02 02:30,0.3646,0
2026-04-02 05:30,0.3727,0
2026-04-02 08:30,0.3707,0
2026-04-02 11:30,0.3637,0
2026-04-02 14:30,0.3629,0
2026-04-02 17:30,0.3666,0
2026-04-02 20:30,0.3682,0
2026-04-02 23:30,0.3658,0
2026-04-03 02:30,0.363,0
2026-04-03 05:30,0.3632,0
2026-04-03 08:30,0.3609,0
2026-04-03 11:30,0.3568,0
2026-04-03 14:30,0.3545,0
2026-04-03 17:30,0.3514,0
2026-04-03 20:30,0.3499,0
2026-04-03 23:30,0.3479,0
2026-04-04 02:30,0.3461,0
2026-04-04 05:30,0.3458,0
2026-04-04 08:30,0.3452,0
2026-04-04 11:30,0.3416,0
2026-04-04 14:30,0.3365,0
2026-04-04 17:30,0.3338,0
2026-04-04 20:30,0.3339,0
2026-04-04 23:30,0.3345,0
2026-04-05 02:30,0.3359,0
2026-04-05 05:30,0.337,0
2026-04-05 08:30,0.3342,0
2026-04-05 11:30,0.3318,0
2026-04-05 14:30,0.3284,0
2026-04-05 17:30,0.3211,0
2026-04-05 20:30,0.3238,0
2026-04-05 23:30,0.3272,0
2026-04-06 02:30,0.3301,0
2026-04-06 05:30,0.3323,0
2026-04-06 08:30,0.3289,0
2026-04-06 11:30,0.3275,0
2026-04-06 14:30,0.3236,0
2026-04-06 17:30,0.322,0
2026-04-06 20:30,0.3101,0
2026-04-06 23:30,0.314,0
2026-04-07 02:30,0.3174,0
2026-04-07 05:30,0.3207,0
2026-04-07 08:30,0.3227,0
2026-04-07 11:30,0.3217,0
2026-04-07 14:30,0.3181,0
2026-04-07 17:30,0.3163,0
2026-04-07 20:30,0.3188,0
2026-04-07 23:30,0.3218,0
2026-04-08 02:30,0.3244,0
2026-04-08 05:30,0.3265,0
2026-04-08 08:30,0.3223,0
2026-04-08 11:30,0.3189,0
2026-04-08 14:30,0.3122,0
2026-04-08 17:30,0.3057,0
2026-04-08 20:30,0.3086,0
2026-04-08 23:30,0.3125,0
2026-04-09 02:30,0.3159,0
2026-04-09 05:30,0.3188,0
2026-04-09 08:30,0.3205,0
2026-04-09 11:30,0.3162,0
2026-04-09 14:30,0.3095,0
2026-04-09 17:30,0.3077,0
2026-04-09 20:30,0.3106,0
2026-04-09 23:30,0.314,0
2026-04-10 02:30,0.3171,0
2026-04-10 05:30,0.3196,0
2026-04-10 08:30,0.3192,0
2026-04-10 11:30,0.3132,0
2026-04-10 14:30,0.3035,0
2026-04-10 17:30,0.2974,0
2026-04-10 20:30,0.3006,0
2026-04-10 23:30,0.3048,0
2026-04-11 02:30,0.3085,0
2026-04-11 05:30,0.3114,0
2026-04-11 08:30,0.2745,0
2026-04-11 11:30,0.2732,0
2026-04-11 14:30,0.2669,0
2026-04-11 17:30,0.2656,0
2026-04-11 20:30,0.2723,0
2026-04-11 23:30,0.2781,0
2026-04-12 02:30,0.2869,0
2026-04-12 05:30,0.2935,0
2026-04-12 08:30,0.2946,0
2026-04-12 11:30,0.2885,0
2026-04-12 14:30,0.2809,0
2026-04-12 17:30,0.2802,0
2026-04-12 20:30,0.2828,0
2026-04-12 23:30,0.285,0
2026-04-13 02:30,0.2893,0
2026-04-13 05:30,0.2933,0
2026-04-13 08:30,0.294,0
2026-04-13 11:30,0.2873,0
2026-04-13 14:30,0.28,0
2026-04-13 17:30,0.2732,0
2026-04-13 20:30,0.2785,0
2026-04-13 23:30,0.2839,0
2026-04-14 02:30,0.2883,0
2026-04-14 05:30,0.2919,0
2026-04-14 08:30,0.2856,0
2026-04-14 11:30,0.287,0
2026-04-14 14:30,0.2817,0
2026-04-14 17:30,0.2838,0
2026-04-14 20:30,0.2921,0
2026-04-14 23:30,0.3357,0
2026-04-15 02:30,0.361,0
2026-04-15 05:30,0.3441,0
2026-04-15 08:30,0.3406,0
2026-04-15 11:30,0.3396,0
2026-04-15 14:30,0.3414,0
2026-04-15 17:30,0.3364,0
2026-04-15 20:30,0.3325,0
2026-04-15 23:30,0.3299,0
2026-04-16 02:30,0.3288,0
2026-04-16 05:30,0.3275,0
2026-04-16 08:30,0.3213,0
2026-04-16 11:30,0.3135,0
2026-04-16 14:30,0.3065,0
2026-04-16 17:30,0.3014,0
2026-04-16 20:30,0.3042,0
2026-04-16 23:30,0.3069,0
2026-04-17 02:30,0.309,0
2026-04-17 05:30,0.3102,0
2026-04-17 08:30,0.3086,0
2026-04-17 11:30,0.3004,0
2026-04-17 14:30,0.2902,0
2026-04-17 17:30,0.2852,0
2026-04-17 20:30,0.2862,0
2026-04-17 23:30,0.2887,0
2026-04-18 02:30,0.2914,0
2026-04-18 05:30,0.2934,0
2026-04-18 08:30,0.2907,0
2026-04-18 11:30,0.283,0
2026-04-18 14:30,0.2736,0
2026-04-18 17:30,0.268,0
2026-04-18 20:30,0.2694,0
2026-04-18 23:30,0.2727,0
2026-04-19 02:30,0.2759,0
2026-04-19 05:30,0.2791,0
2026-04-19 08:30,0.2637,0
2026-04-19 11:30,0.2605,0
2026-04-19 14:30,0.254,0
2026-04-19 17:30,0.2528,0
2026-04-19 20:30,0.2409,0
2026-04-19 23:30,0.2472,0
2026-04-20 02:30,0.2533,0
2026-04-20 05:30,0.2594,0
2026-04-20 08:30,0.2645,0
2026-04-20 11:30,0.2635,0
2026-04-20 14:30,0.2603,0
2026-04-20 17:30,0.2605,0
2026-04-20 20:30,0.2647,0
2026-04-20 23:30,0.2694,0
2026-04-21 02:30,0.2774,0
2026-04-21 05:30,0.2844,0
2026-04-21 08:30,0.2856,0
2026-04-21 11:30,0.2806,0
2026-04-21 14:30,0.2733,0
2026-04-21 17:30,0.27,0
2026-04-21 20:30,0.2733,0
2026-04-21 23:30,0.2771,0
2026-04-22 02:30,0.2803,0
2026-04-22 05:30,0.2826,0
2026-04-22 08:30,0.2666,0
2026-04-22 11:30,0.2696,0
2026-04-22 14:30,0.2743,0
2026-04-22 17:30,0.2739,0
2026-04-22 20:30,0.2705,0
2026-04-22 23:30,0.2717,0
2026-04-23 02:30,0.2733,0
2026-04-23 05:30,0.2752,0
2026-04-23 08:30,0.2745,0
2026-04-23 11:30,0.269,0
2026-04-23 14:30,0.2622,0
2026-04-23 17:30,0.2584,0
2026-04-23 20:30,0.2597,0
2026-04-23 23:30,0.2628,0
2026-04-24 02:30,0.266,0
2026-04-24 05:30,0.2687,0
2026-04-24 08:30,0.2691,0
2026-04-24 11:30,0.2654,0
2026-04-24 14:30,0.26,0
2026-04-24 17:30,0.2465,0
2026-04-24 20:30,0.2491,0
2026-04-24 23:30,0.2533,0
2026-04-25 02:30,0.2575,0
2026-04-25 05:30,0.2615,0
2026-04-25 08:30,0.264,0
2026-04-25 11:30,0.2617,0
2026-04-25 14:30,0.2554,0
2026-04-25 17:30,0.2525,0
2026-04-25 20:30,0.2558,0
2026-04-25 23:30,0.2599,0
2026-04-26 02:30,0.2638,0
2026-04-26 05:30,0.2673,0
2026-04-26 08:30,0.2687,0
2026-04-26 11:30,0.2659,0
2026-04-26 14:30,0.2599,0
2026-04-26 17:30,0.2568,0
2026-04-26 20:30,0.2596,0
2026-04-26 23:30,0.2635,0
2026-04-27 02:30,0.2671,0
2026-04-27 05:30,0.2702,0
2026-04-27 08:30,0.2404,0
2026-04-27 11:30,0.2401,0
2026-04-27 14:30,0.2407,0
2026-04-27 17:30,0.242,0
2026-04-27 20:30,0.2369,0
2026-04-27 23:30,0.2415,0
2026-04-28 02:30,0.2459,0
2026-04-28 05:30,0.25,0
2026-04-28 08:30,0.2523,0
2026-04-28 11:30,0.2489,0
2026-04-28 14:30,0.2431,0
2026-04-28 17:30,0.2412,0
2026-04-28 20:30,0.2445,0
2026-04-28 23:30,0.2483,0
2026-04-29 02:30,0.252,0
2026-04-29 05:30,0.2556,0
2026-04-29 08:30,0.2559,0
2026-04-29 11:30,0.2512,0
2026-04-29 14:30,0.2425,0
2026-04-29 17:30,0.2361,0
2026-04-29 20:30,0.239,0
2026-04-29 23:30,0.2453,0
2026-04-30 02:30,0.2688,0
2026-04-30 05:30,0.295,0
2026-04-30 08:30,0.3223,0
2026-04-30 11:30,0.3185,0
2026-04-30 14:30,0.3052,0
2026-04-30 17:30,0.2966,0
2026-04-30 20:30,0.2913,0
2026-04-30 23:30,0.2885,0
2026-05-01 02:30,0.2872,0
2026-05-01 05:30,0.2869,0
2026-05-01 08:30,0.2839,0
2026-05-01 11:30,0.2764,0
2026-05-01 14:30,0.2678,0
2026-05-01 17:30,0.2609,0
2026-05-01 20:30,0.2593,0
2026-05-01 23:30,0.2602,0
2026-05-02 02:30,0.2613,0
2026-05-02 05:30,0.2627,0
2026-05-02 08:30,0.2565,0
2026-05-02 11:30,0.252,0
2026-05-02 14:30,0.2472,0
2026-05-02 17:30,0.2349,0
2026-05-02 20:30,0.2367,0
2026-05-02 23:30,0.2399,0
2026-05-03 02:30,0.243,0
2026-05-03 05:30,0.246,0
2026-05-03 08:30,0.2475,0
2026-05-03 11:30,0.2444,0
2026-05-03 14:30,0.2391,0
2026-05-03 17:30,0.2362,0
2026-05-03 20:30,0.2386,0
2026-05-03 23:30,0.242,0
2026-05-04 02:30,0.2453,0
2026-05-04 05:30,0.2483,0
2026-05-04 08:30,0.2507,0
2026-05-04 11:30,0.2493,0
2026-05-04 14:30,0.2452,0
2026-05-04 17:30,0.2436,0
2026-05-04 20:30,0.2453,0
2026-05-04 23:30,0.2477,0
2026-05-05 02:30,0.2496,0
2026-05-05 05:30,0.2513,0
2026-05-05 08:30,0.208,0
2026-05-05 11:30,0.2124,0
2026-05-05 14:30,0.2139,0
2026-05-05 17:30,0.2157,0
2026-05-05 20:30,0.2099,0
2026-05-05 23:30,0.2136,0
2026-05-06 02:30,0.2172,0
2026-05-06 05:30,0.2206,0
2026-05-06 08:30,0.2232,0
2026-05-06 11:30,0.2231,0
2026-05-06 14:30,0.2216,0
2026-05-06 17:30,0.2216,0
2026-05-06 20:30,0.2339,0
2026-05-06 23:30,0.2966,0
2026-05-07 02:30,0.321,0
2026-05-07 05:30,0.3224,0
2026-05-07 08:30,0.3129,0
2026-05-07 11:30,0.3023,0
2026-05-07 14:30,0.2951,0
2026-05-07 17:30,0.288,0
2026-05-07 20:30,0.2861,0
2026-05-07 23:30,0.2849,0
2026-05-08 02:30,0.2842,0
2026-05-08 05:30,0.2841,0
2026-05-08 08:30,0.2867,0
2026-05-08 11:30,0.2844,0
2026-05-08 14:30,0.2816,0
2026-05-08 17:30,0.2796,0
2026-05-08 20:30,0.27,0
2026-05-08 23:30,0.2713,0
2026-05-09 02:30,0.2723,0
2026-05-09 05:30,0.2729,0
2026-05-09 08:30,0.2715,0
2026-05-09 11:30,0.2663,0
2026-05-09 14:30,0.2595,0
2026-05-09 17:30,0.2554,0
2026-05-09 20:30,0.2559,0
2026-05-09 23:30,0.2664,0
2026-05-10 02:30,0.3029,0
2026-05-10 05:30,0.296,0
2026-05-10 08:30,0.2854,0
2026-05-10 11:30,0.2808,0
2026-05-10 14:30,0.2722,0
2026-05-10 17:30,0.2623,0
2026-05-10 20:30,0.2632,0
2026-05-10 23:30,0.2654,0
2026-05-11 02:30,0.2682,0
2026-05-11 05:30,0.2724,0
2026-05-11 08:30,0.2738,0
2026-05-11 11:30,0.2704,0
2026-05-11 14:30,0.264,0
2026-05-11 17:30,0.2598,0
2026-05-11 20:30,0.2602,0
2026-05-11 23:30,0.2618,0
2026-05-12 02:30,0.2634,0
2026-05-12 05:30,0.2644,0
2026-05-12 08:30,0.2615,0
2026-05-12 11:30,0.2553,0
2026-05-12 14:30,0.248,0
2026-05-12 17:30,0.2437,0
2026-05-12 20:30,0.2443,0
2026-05-12 23:30,0.2464,0
2026-05-13 02:30,0.248,0
2026-05-13 05:30,0.2495,0
2026-05-13 08:30,0.2164,0
2026-05-13 11:30,0.2359,0
2026-05-13 14:30,0.2639,0
2026-05-13 17:30,0.2919,0
2026-05-13 20:30,0.292,0
2026-05-13 23:30,0.2866,0
2026-05-14 02:30,0.2842,0
2026-05-14 05:30,0.2831,0
2026-05-14 08:30,0.2803,0
2026-05-14 11:30,0.2774,0
2026-05-14 14:30,0.2886,0
2026-05-14 17:30,0.2881,0
2026-05-14 20:30,0.2844,0
2026-05-14 23:30,0.2836,0
2026-05-15 02:30,0.2849,0
2026-05-15 05:30,0.2936,0
2026-05-15 08:30,0.304,0
2026-05-15 11:30,0.3054,0
2026-05-15 14:30,0.2942,0
2026-05-15 17:30,0.2859,0
2026-05-15 20:30,0.2835,0
2026-05-15 23:30,0.2863,0
2026-05-16 02:30,0.2986,0
2026-05-16 05:30,0.3363,0
2026-05-16 08:30,0.3439,0
2026-05-16 11:30,0.3094,0
2026-05-16 14:30,0.2946,0
2026-05-16 17:30,0.2863,0
2026-05-16 20:30,0.2841,0
2026-05-16 23:30,0.284,0
2026-05-17 02:30,0.2847,0
2026-05-17 05:30,0.2848,0
2026-05-17 08:30,0.2828,0
2026-05-17 11:30,0.2785,0
2026-05-17 14:30,0.2734,0
2026-05-17 17:30,0.2697,0
2026-05-17 20:30,0.2696,0
2026-05-17 23:30,0.2709,0
2026-05-18 02:30,0.2718,0
2026-05-18 05:30,0.2724,0
2026-05-18 08:30,0.2682,0
2026-05-18 11:30,0.2633,0
2026-05-18 14:30,0.2573,0
2026-05-18 17:30,0.2529,0
2026-05-18 20:30,0.254,0
2026-05-18 23:30,0.2559,0
2026-05-19 02:30,0.2574,0
2026-05-19 05:30,0.2586,0
2026-05-19 08:30,0.2585,0
2026-05-19 11:30,0.2556,0
2026-05-19 14:30,0.2511,0
2026-05-19 17:30,0.2494,0
2026-05-19 20:30,0.2501,0
2026-05-19 23:30,0.2515,0
2026-05-20 02:30,0.2527,0
2026-05-20 05:30,0.2537,0
2026-05-20 08:30,0.2535,0
2026-05-20 11:30,0.25,0
2026-05-20 14:30,0.2447,0
2026-05-20 17:30,0.2439,0
2026-05-20 20:30,0.246,0
2026-05-20 23:30,0.2478,0
2026-05-21 02:30,0.2491,0
2026-05-21 05:30,0.2497,0
2026-05-21 08:30,0.2364,0
2026-05-21 11:30,0.2311,0
2026-05-21 14:30,0.2239,0
2026-05-21 17:30,0.2189,0
2026-05-21 20:30,0.2137,0
2026-05-21 23:30,0.2156,0
2026-05-22 02:30,0.2177,0
2026-05-22 05:30,0.2199,0
2026-05-22 08:30,0.2198,0
2026-05-22 11:30,0.2155,0
2026-05-22 14:30,0.2101,0
2026-05-22 17:30,0.2065,0
2026-05-22 20:30,0.2067,0
2026-05-22 23:30,0.2081,0
2026-05-23 02:30,0.2099,0
2026-05-23 05:30,0.2114,0
2026-05-23 08:30,0.2029,0
2026-05-23 11:30,0.1995,0
2026-05-23 14:30,0.1952,0
2026-05-23 17:30,0.1888,0
2026-05-23 20:30,0.19,0
2026-05-23 23:30,0.1922,0
2026-05-24 02:30,0.1945,0
2026-05-24 05:30,0.1966,0
2026-05-24 08:30,0.1903,0
2026-05-24 11:30,0.1877,0
2026-05-24 14:30,0.1842,0
2026-05-24 17:30,0.1826,0
2026-05-24 20:30,0.1816,0
2026-05-24 23:30,0.1838,0
2026-05-25 02:30,0.1861,0
2026-05-25 05:30,0.1884,0
2026-05-25 08:30,0.1889,0
2026-05-25 11:30,0.1863,0
2026-05-25 14:30,0.1816,0
2026-05-25 17:30,0.1793,0
2026-05-25 20:30,0.1805,0
2026-05-25 23:30,0.1832,0
2026-05-26 02:30,0.1855,0
2026-05-26 05:30,0.1872,0
2026-05-26 08:30,0.1733,0
2026-05-26 11:30,0.1715,0
2026-05-26 14:30,0.1681,0
2026-05-26 17:30,0.1653,0
2026-05-26 20:30,0.1675,0
2026-05-26 23:30,0.1692,0
2026-05-27 02:30,0.1711,0
2026-05-27 05:30,0.1735,0
2026-05-27 08:30,0.1743,0
2026-05-27 11:30,0.171,0
2026-05-27 14:30,0.1669,0
2026-05-27 17:30,0.1658,0
2026-05-27 20:30,0.1677,0
2026-05-27 23:30,0.1706,0
2026-05-28 02:30,0.1725,0
2026-05-28 05:30,0.1738,0
2026-05-28 08:30,0.1748,0
2026-05-28 11:30,0.1718,0
2026-05-28 14:30,0.1691,0
2026-05-28 17:30,0.1701,0
2026-05-28 20:30,0.1729,0
2026-05-28 23:30,0.1751,0
2026-05-29 02:30,0.177,0
2026-05-29 05:30,0.1784,0
2026-05-29 08:30,0.1725,0
2026-05-29 11:30,0.1685,0
2026-05-29 14:30,0.1622,0
2026-05-29 17:30,0.1577,0
2026-05-29 20:30,0.1566,0
2026-05-29 23:30,0.1576,0
2026-05-30 02:30,0.1589,0
2026-05-30 05:30,0.16,0
2026-05-30 08:30,0.1592,0
2026-05-30 11:30,0.1551,0
2026-05-30 14:30,0.1503,0
2026-05-30 17:30,0.1481,0
2026-05-30 20:30,0.1496,0
2026-05-30 23:30,0.1516,0
2026-05-31 02:30,0.1535,0
2026-05-31 05:30,0.1551,0
2026-05-31 08:30,0.1548,0
2026-05-31 11:30,0.1507,0
2026-05-31 14:30,0.1459,0
2026-05-31 17:30,0.1438,0
2026-05-31 20:30,0.1454,0
2026-05-31 23:30,0.1479,0
2026-06-01 02:30,0.1499,0
2026-06-01 05:30,0.1519,0
2026-06-01 08:30,0.1482,0
2026-06-01 11:30,0.146,0
2026-06-01 14:30,0.1427,0
2026-06-01 17:30,0.1411,0
2026-06-01 20:30,0.1414,0
2026-06-01 23:30,0.1429,0
2026-06-02 02:30,0.1445,0
2026-06-02 05:30,0.1463,0
2026-06-02 08:30,0.1468,0
2026-06-02 11:30,0.1434,0
2026-06-02 14:30,0.1397,0
2026-06-02 17:30,0.1381,0
2026-06-02 20:30,0.1395,0
2026-06-02 23:30,0.1417,0
2026-06-03 02:30,0.1438,0
2026-06-03 05:30,0.1457,0
2026-06-03 08:30,0.1374,0
2026-06-03 11:30,0.1373,0
2026-06-03 14:30,0.1431,0
2026-06-03 17:30,0.1548,0
2026-06-03 20:30,0.1575,0
2026-06-03 23:30,0.1589,0
2026-06-04 02:30,0.1597,0
2026-06-04 05:30,0.1606,0
2026-06-04 08:30,0.1601,0
2026-06-04 11:30,0.1556,0
2026-06-04 14:30,0.1507,0
2026-06-04 17:30,0.1482,0
2026-06-04 20:30,0.1491,0
2026-06-04 23:30,0.1509,0
2026-06-05 02:30,0.1528,0
2026-06-05 05:30,0.154,0
2026-06-05 08:30,0.1525,0
2026-06-05 11:30,0.1481,0
2026-06-05 14:30,0.1424,0
2026-06-05 17:30,0.1388,0
2026-06-05 20:30,0.1391,0
2026-06-05 23:30,0.1409,0
2026-06-06 02:30,0.143,0
2026-06-06 05:30,0.1449,0
2026-06-06 08:30,0.1458,0
2026-06-06 11:30,0.1415,0
2026-06-06 14:30,0.1361,0
2026-06-06 17:30,0.1332,0
2026-06-06 20:30,0.1357,0
2026-06-06 23:30,0.1372,0
2026-06-07 02:30,0.139,0
2026-06-07 05:30,0.1411,0
2026-06-07 08:30,0.1411,0
2026-06-07 11:30,0.1377,0
2026-06-07 14:30,0.1327,0
2026-06-07 17:30,0.1306,0
2026-06-07 20:30,0.1312,0
2026-06-07 23:30,0.1324,0
2026-06-08 02:30,0.1338,0
2026-06-08 05:30,0.1355,0
2026-06-08 08:30,0.1358,0
2026-06-08 11:30,0.1323,0
2026-06-08 14:30,0.1279,0
2026-06-08 17:30,0.1299,0
2026-06-08 20:30,0.1302,0
2026-06-08 23:30,0.1317,0
2026-06-09 02:30,0.1331,0
2026-06-09 05:30,0.1347,0
2026-06-09 08:30,0.1327,0
2026-06-09 11:30,0.1279,0
2026-06-09 14:30,0.1225,0
2026-06-09 17:30,0.1199,0
2026-06-09 20:30,0.1202,0
2026-06-09 23:30,0.1217,0
2026-06-10 02:30,0.1233,0
2026-06-10 05:30,0.1252,0
2026-06-10 08:30,0.1256,0
2026-06-10 11:30,0.1216,0
2026-06-10 14:30,0.1172,0
2026-06-10 17:30,0.1153,0
2026-06-10 20:30,0.1161,0
2026-06-10 23:30,0.1174,0
2026-06-11 02:30,0.1183,0
2026-06-11 05:30,0.1201,0
2026-06-11 08:30,0.1152,0
2026-06-11 11:30,0.1139,0
2026-06-11 14:30,0.1152,0
2026-06-11 17:30,0.1133,0
2026-06-11 20:30,0.1145,0
2026-06-11 23:30,0.1161,0
2026-06-12 02:30,0.117,0
2026-06-12 05:30,0.1178,0
2026-06-12 08:30,0.1172,0
2026-06-12 11:30,0.1138,0
2026-06-12 14:30,0.1094,0
2026-06-12 17:30,0.1068,0
2026-06-12 20:30,0.1072,0
2026-06-12 23:30,0.1084,0
2026-06-13 02:30,0.1095,0
2026-06-13 05:30,0.1106,0
2026-06-13 08:30,0.1117,0
2026-06-13 11:30,0.1085,0
2026-06-13 14:30,0.1039,0
2026-06-13 17:30,0.1014,0
2026-06-13 20:30,0.1021,0
2026-06-13 23:30,0.1037,0
2026-06-14 02:30,0.1052,0
2026-06-14 05:30,0.1066,0
2026-06-14 08:30,0.1072,0
2026-06-14 11:30,0.1041,0
2026-06-14 14:30,0.1008,0
2026-06-14 17:30,0.0993,0
2026-06-14 20:30,0.0993,0
2026-06-14 23:30,0.1019,0
2026-06-15 02:30,0.1039,0
2026-06-15 05:30,0.1052,0
2026-06-15 08:30,0.1056,0
2026-06-15 11:30,0.1036,0
2026-06-15 14:30,0.1008,0
2026-06-15 17:30,0.0995,0
2026-06-15 20:30,0.1007,0
2026-06-15 23:30,0.1035,0
2026-06-16 02:30,0.1274,0
2026-06-16 05:30,0.1393,0
2026-06-16 08:30,0.1357,0
2026-06-16 11:30,0.1298,0
2026-06-16 14:30,0.1242,0
2026-06-16 17:30,0.1394,0
2026-06-16 20:30,0.1524,0
2026-06-16 23:30,0.1557,0
2026-06-17 02:30,0.1548,0
2026-06-17 05:30,0.1539,0
2026-06-17 08:30,0.1421,0
2026-06-17 11:30,0.1356,0
2026-06-17 14:30,0.1336,0
2026-06-17 17:30,0.135,0
2026-06-17 20:30,0.1415,0
2026-06-17 23:30,0.1426,0
2026-06-18 02:30,0.1432,0
2026-06-18 05:30,0.1435,0
2026-06-18 08:30,0.1407,0
2026-06-18 11:30,0.1324,0
2026-06-18 14:30,0.1235,0
2026-06-18 17:30,0.1175,0
2026-06-18 20:30,0.1158,0
2026-06-18 23:30,0.116,0
2026-06-19 02:30,0.1166,0
2026-06-19 05:30,0.1166,0
2026-06-19 08:30,0.1151,0
2026-06-19 11:30,0.1097,0
2026-06-19 14:30,0.1036,0
2026-06-19 17:30,0.1021,0
2026-06-19 20:30,0.1014,0
2026-06-19 23:30,0.1022,0
2026-06-20 02:30,0.1028,0
2026-06-20 05:30,0.1039,0
2026-06-20 08:30,0.1034,0
2026-06-20 11:30,0.0995,0
2026-06-20 14:30,0.0951,0
2026-06-20 17:30,0.0933,0
2026-06-20 20:30,0.0935,0
2026-06-20 23:30,0.0941,0
2026-06-21 02:30,0.0954,0
2026-06-21 05:30,0.0962,0
2026-06-21 08:30,0.096,0
2026-06-21 11:30,0.0928,0
2026-06-21 14:30,0.0889,0
2026-06-21 17:30,0.0872,0
2026-06-21 20:30,0.0875,0
2026-06-21 23:30,0.0882,0
2026-06-22 02:30,0.0889,0
2026-06-22 05:30,0.0901,0
2026-06-22 08:30,0.0825,0
2026-06-22 11:30,0.0819,0
2026-06-22 14:30,0.1081,0
2026-06-22 17:30,0.1295,0
2026-06-22 20:30,0.1577,0
2026-06-22 23:30,0.1567,0
2026-06-23 02:30,0.1538,0
2026-06-23 05:30,0.1515,0
2026-06-23 08:30,0.1477,0
2026-06-23 11:30,0.1416,0
2026-06-23 14:30,0.1713,0
2026-06-23 17:30,0.2192,0
2026-06-23 20:30,0.2127,0
2026-06-23 23:30,0.1939,0
2026-06-24 02:30,0.185,0
2026-06-24 05:30,0.1799,0
2026-06-24 08:30,0.1687,0
2026-06-24 11:30,0.1581,0
2026-06-24 14:30,0.1472,0
2026-06-24 17:30,0.1421,0
2026-06-24 20:30,0.1406,0
2026-06-24 23:30,0.1403,0
2026-06-25 02:30,0.14,0
2026-06-25 05:30,0.1393,0
2026-06-25 08:30,0.1293,0
2026-06-25 11:30,0.1284,0
2026-06-25 14:30,0.1978,0
2026-06-25 17:30,0.2416,0
2026-06-25 20:30,0.2774,0
2026-06-25 23:30,0.2347,0
2026-06-26 02:30,0.2097,0
2026-06-26 05:30,0.1987,0
2026-06-26 08:30,0.1902,0
2026-06-26 11:30,0.1776,0
2026-06-26 14:30,0.1635,0
2026-06-26 17:30,0.1555,0
2026-06-26 20:30,0.1532,0
2026-06-26 23:30,0.1525,0
2026-06-27 02:30,0.1519,0
2026-06-27 05:30,0.1511,0
2026-06-27 08:30,0.147,0
2026-06-27 11:30,0.1387,0
2026-06-27 14:30,0.129,0
2026-06-27 17:30,0.1303,0
2026-06-27 20:30,0.1321,0
2026-06-27 23:30,0.1325,0
2026-06-28 02:30,0.1328,0
2026-06-28 05:30,0.1332,0
2026-06-28 08:30,0.1313,0
2026-06-28 11:30,0.1244,0
2026-06-28 14:30,0.1158,0
2026-06-28 17:30,0.1111,0
2026-06-28 20:30,0.1117,0
2026-06-28 23:30,0.1136,0
2026-06-29 02:30,0.1151,0
2026-06-29 05:30,0.1164,0
2026-06-29 08:30,0.1151,0
2026-06-29 11:30,0.109,0
2026-06-29 14:30,0.1048,0
2026-06-29 17:30,0.1201,0
2026-06-29 20:30,0.1439,0
2026-06-29 23:30,0.1554,0
2026-06-30 02:30,0.1602,0
2026-06-30 05:30,0.1633,0
2026-06-30 08:30,0.1383,0
2026-06-30 11:30,0.1308,0
2026-06-30 14:30,0.1359,0
2026-06-30 17:30,0.1835,0
2026-06-30 20:30,0.1918,0
2026-06-30 23:30,0.1839,0
2026-07-01 02:30,0.1787,0
2026-07-01 05:30,0.1774,0
2026-07-01 08:30,0.1731,0
2026-07-01 11:30,0.1622,0
2026-07-01 14:30,0.1537,0
2026-07-01 17:30,0.1513,0
2026-07-01 20:30,0.1508,0
2026-07-01 23:30,0.1504,0
2026-07-02 02:30,0.1498,0
2026-07-02 05:30,0.1487,0
2026-07-02 08:30,0.1431,0
2026-07-02 11:30,0.1533,0
2026-07-02 14:30,0.1717,0
2026-07-02 17:30,0.2019,0
2026-07-02 20:30,0.2492,0
2026-07-02 23:30,0.2147,0
2026-07-03 02:30,0.2024,0
2026-07-03 05:30,0.1952,0
2026-07-03 08:30,0.1882,0
2026-07-03 11:30,0.1769,0
2026-07-03 14:30,0.168,0
2026-07-03 17:30,0.1632,0
2026-07-03 20:30,0.1609,0
2026-07-03 23:30,0.1593,0
2026-07-04 02:30,0.1577,0
2026-07-04 05:30,0.156,0
2026-07-04 08:30,0.153,0
2026-07-04 11:30,0.1457,0
2026-07-04 14:30,0.1363,0
2026-07-04 17:30,0.1275,0
2026-07-04 20:30,0.1242,0
2026-07-04 23:30,0.1233,0
2026-07-05 02:30,0.1231,0
2026-07-05 05:30,0.1231,0
2026-07-05 08:30,0.1253,0
2026-07-05 11:30,0.1186,0
2026-07-05 14:30,0.1104,0
2026-07-05 17:30,0.1004,0
2026-07-05 20:30,0.0989,0
2026-07-05 23:30,0.0995,0
2026-07-06 02:30,0.1007,0
2026-07-06 05:30,0.102,0
2026-07-06 08:30,0.1017,0
2026-07-06 11:30,0.0992,0
2026-07-06 14:30,0.1,0
2026-07-06 17:30,0.1026,0
2026-07-06 20:30,0.1059,0
2026-07-06 23:30,0.1068,0
2026-07-07 02:30,0.1073,0
2026-07-07 05:30,0.1097,0
2026-07-07 08:30,0.1114,0
2026-07-07 11:30,0.1086,0
2026-07-07 14:30,0.1077,0
2026-07-07 17:30,0.1086,0
2026-07-07 20:30,0.1136,0
2026-07-07 23:30,0.1153,0
2026-07-08 02:30,0.1171,0
2026-07-08 05:30,0.1182,0
2026-07-08 08:30,0.1072,0
2026-07-08 11:30,0.1054,0
2026-07-08 14:30,0.1019,0
2026-07-08 17:30,0.0991,0
2026-07-08 20:30,0.1055,0
2026-07-08 23:30,0.1073,0
2026-07-09 02:30,0.109,0
2026-07-09 05:30,0.1099,0
2026-07-09 08:30,0.1094,0
2026-07-09 11:30,0.1065,0
2026-07-09 14:30,0.1385,0
2026-07-09 17:30,0.1875,0
2026-07-09 20:30,0.1802,0
2026-07-09 23:30,0.1725,0
2026-07-10 02:30,0.1885,0
2026-07-10 05:30,0.1808,0
2026-07-10 08:30,0.1616,0
2026-07-10 11:30,0.1512,0
2026-07-10 14:30,0.139,0
2026-07-10 17:30,0.1386,0
2026-07-10 20:30,0.1372,0
2026-07-10 23:30,0.1374,0
2026-07-11 02:30,0.1375,0
2026-07-11 05:30,0.1379,0
2026-07-11 08:30,0.1296,0
2026-07-11 11:30,0.1221,0
2026-07-11 14:30,0.1133,0
2026-07-11 17:30,0.1082,0
2026-07-11 20:30,0.1111,0
2026-07-11 23:30,0.1113,0
2026-07-12 02:30,0.1118,0
2026-07-12 05:30,0.1127,0
2026-07-12 08:30,0.1122,0
2026-07-12 11:30,0.1074,0
2026-07-12 14:30,0.1014,0
2026-07-12 17:30,0.0984,0
2026-07-12 20:30,0.0986,0
2026-07-12 23:30,0.0997,0
2026-07-13 02:30,0.1012,0
2026-07-13 05:30,0.1013,0
2026-07-13 08:30,0.0875,0
2026-07-13 11:30,0.0845,0
2026-07-13 14:30,0.0804,0
2026-07-13 17:30,0.0857,0
2026-07-13 20:30,0.0862,0
2026-07-13 23:30,0.0869,0
2026-07-14 02:30,0.088,0
2026-07-14 05:30,0.0894,0
2026-07-14 08:30,0.0889,0
2026-07-14 11:30,0.0848,0
2026-07-14 14:30,0.0811,0
2026-07-14 17:30,0.0792,0
2026-07-14 20:30,0.0795,0
2026-07-14 23:30,0.0814,0
2026-07-15 02:30,0.0828,0
2026-07-15 05:30,0.0846,0
2026-07-15 08:30,0.0863,0
2026-07-15 11:30,0.0825,0
2026-07-15 14:30,0.0779,0
2026-07-15 17:30,0.0749,0
2026-07-15 20:30,0.0745,0
2026-07-15 23:30,0.0756,0
2026-07-16 02:30,0.0774,0
2026-07-16 05:30,0.0796,0
2026-07-16 08:30,0.0738,0
2026-07-16 11:30,0.0728,0
2026-07-16 14:30,0.0698,0
2026-07-16 17:30,0.0684,0
2026-07-16 20:30,0.0689,0
2026-07-16 23:30,0.071,0
2026-07-17 02:30,0.0731,0
2026-07-17 05:30,0.0751,0
2026-07-17 08:30,0.0759,0
2026-07-17 11:30,0.0745,0
2026-07-17 14:30,0.0726,0
2026-07-17 17:30,0.0718,0
2026-07-17 20:30,0.0726,0
2026-07-17 23:30,0.073,0
2026-07-18 02:30,0.0733,0
2026-07-18 05:30,0.074,0
2026-07-18 08:30,0.0644,0
2026-07-18 11:30,0.0632,0
2026-07-18 14:30,0.0615,0
2026-07-18 17:30,0.0592,0
2026-07-18 20:30,0.0604,0
2026-07-18 23:30,0.0625,0
2026-07-19 02:30,0.064,0
2026-07-19 05:30,0.066,0
2026-07-19 08:30,0.0696,0
2026-07-19 11:30,0.0701,0
2026-07-19 14:30,0.0697,0
2026-07-19 17:30,0.0687,0
2026-07-19 20:30,0.0691,0
2026-07-19 23:30,0.0707,0
2026-07-20 02:30,0.0727,0
2026-07-20 05:30,0.0748,0
2026-07-20 08:30,0.0753,0
2026-07-20 11:30,0.0729,0
2026-07-20 14:30,0.07,0
2026-07-20 17:30,0.0684,0
2026-07-20 20:30,0.0693,0
2026-07-20 23:30,0.0713,0
2026-07-21 02:30,0.0729,0
2026-07-21 05:30,0.0743,0
2026-07-21 08:30,0.0742,0
2026-07-21 11:30,0.0721,0
2026-07-21 14:30,0.0698,0
2026-07-21 17:30,0.0692,0
2026-07-21 20:30,0.0707,0
2026-07-21 23:30,0.0723,0
2026-07-22 02:30,0.0736,0
2026-07-22 05:30,0.0747,0
2026-07-22 08:30,0.075,0
2026-07-22 11:30,0.0731,0
2026-07-22 14:30,0.0704,0
2026-07-22 17:30,0.0696,0
2026-07-22 20:30,0.0706,0
2026-07-22 23:30,0.0717,0
2026-07-23 02:30,0.0727,0
2026-07-23 05:30,0.0738,0
2026-07-23 08:30,0.0734,0
2026-07-23 11:30,0.0717,0
2026-07-23 14:30,0.0697,0
2026-07-23 17:30,0.0694,0
2026-07-23 20:30,0.0704,0
2026-07-23 23:30,0.0718,0
2026-07-24 02:30,0.073,0
2026-07-24 05:30,0.0744,0
2026-07-24 08:30,0.0749,0
2026-07-24 11:30,0.0736,0
2026-07-24 14:30,0.0712,0
2026-07-24 17:30,0.0699,0
2026-07-24 20:30,0.06,0
2026-07-24 23:30,0.0622,0
2026-07-25 02:30,0.0633,0
2026-07-25 05:30,0.0646,0
2026-07-25 08:30,0.065,0
2026-07-25 11:30,0.0638,0
2026-07-25 14:30,0.0614,0
2026-07-25 17:30,0.0609,0
2026-07-25 20:30,0.0623,0
2026-07-25 23:30,0.0633,0
2026-07-26 02:30,0.0639,0
2026-07-26 05:30,0.0651,0
2026-07-26 08:30,0.0643,0
2026-07-26 11:30,0.0665,0
2026-07-26 14:30,0.0679,0
2026-07-26 17:30,0.0685,0
2026-07-26 20:30,0.0709,0
2026-07-26 23:30,0.0893,0
2026-07-27 02:30,0.1108,0
2026-07-27 05:30,0.1248,0
2026-07-27 08:30,0.1297,0
2026-07-27 11:30,0.1258,0
2026-07-27 14:30,0.1213,0
2026-07-27 17:30,0.1196,0
2026-07-27 20:30,0.1071,0
2026-07-27 23:30,0.1073,0
2026-07-28 02:30,0.1076,0
2026-07-28 05:30,0.108,0
2026-07-28 08:30,0.1074,0
2026-07-28 11:30,0.1041,0
2026-07-28 14:30,0.1073,0
2026-07-28 17:30,0.136,0
2026-07-28 20:30,0.1393,0
2026-07-28 23:30,0.1351,0
2026-07-29 02:30,0.132,0
2026-07-29 05:30,0.1295,0
2026-07-29 08:30,0.1296,0
2026-07-29 11:30,0.1226,0
2026-07-29 14:30,0.1143,0
2026-07-29 17:30,0.1091,0
2026-07-29 20:30,0.1082,0
2026-07-29 23:30,0.1079,0
2026-07-30 02:30,0.1074,0
2026-07-30 05:30,0.1068,0
2026-07-30 08:30,0.1053,0
2026-07-30 11:30,0.1005,0
2026-07-30 14:30,0.0949,0
2026-07-30 17:30,0.0915,0
2026-07-30 20:30,0.0911,0
2026-07-30 23:30,0.091,0
2026-07-31 02:30,0.0907,0
2026-07-31 05:30,0.0905,0
2026-07-31 08:30,0.0893,0
2026-07-31 11:30,0.0856,0
2026-07-31 14:30,0.0808,0
2026-07-31 17:30,0.0781,0
2026-07-31 20:30,0.0778,0
2026-07-31 23:30,0.0786,0
2026-08-01 02:30,0.0793,0
2026-08-01 05:30,0.0801,0
2026-08-01 08:30,0.0682,0
2026-08-01 11:30,0.0669,0
2026-08-01 14:30,0.0662,0
2026-08-01 17:30,0.0663,0
2026-08-01 20:30,0.0653,0
2026-08-01 23:30,0.0659,0
2026-08-02 02:30,0.067,0
2026-08-02 05:30,0.0677,0
2026-08-02 08:30,0.0684,0
2026-08-02 11:30,0.0706,0
2026-08-02 14:30,0.0942,0
2026-08-02 17:30,0.1398,0
2026-08-02 20:30,0.1882,0
2026-08-02 23:30,0.188,0
2026-08-03 02:30,0.1898,0
2026-08-03 05:30,0.1786,0
2026-08-03 08:30,0.1646,0
2026-08-03 11:30,0.1521,0
2026-08-03 14:30,0.1667,0
2026-08-03 17:30,0.1757,0
2026-08-03 20:30,0.1913,0
2026-08-03 23:30,0.1823,0
2026-08-04 02:30,0.1712,0
2026-08-04 05:30,0.1638,0
2026-08-04 08:30,0.1561,0
2026-08-04 11:30,0.1476,0
2026-08-04 14:30,0.1589,0
2026-08-04 17:30,0.1998,0
2026-08-04 20:30,0.2193,0
2026-08-04 23:30,0.2017,0
2026-08-05 02:30,0.2171,0
2026-08-05 05:30,0.201,0
2026-08-05 08:30,0.1819,0
2026-08-05 11:30,0.1647,0
2026-08-05 14:30,0.1502,0
2026-08-05 17:30,0.1431,0
2026-08-05 20:30,0.1416,0
2026-08-05 23:30,0.1405,0
2026-08-06 02:30,0.139,0
2026-08-06 05:30,0.1376,0
2026-08-06 08:30,0.1307,0
2026-08-06 11:30,0.1234,0
2026-08-06 14:30,0.1165,0
2026-08-06 17:30,0.1151,0
2026-08-06 20:30,0.1164,0
2026-08-06 23:30,0.117,0
2026-08-07 02:30,0.1171,0
2026-08-07 05:30,0.117,0
2026-08-07 08:30,0.1159,0
2026-08-07 11:30,0.1102,0
2026-08-07 14:30,0.1056,0
2026-08-07 17:30,0.1051,0
2026-08-07 20:30,0.1065,0
2026-08-07 23:30,0.1074,0
2026-08-08 02:30,0.1079,0
2026-08-08 05:30,0.1081,0
2026-08-08 08:30,0.1032,0
2026-08-08 11:30,0.0992,0
2026-08-08 14:30,0.1039,0
2026-08-08 17:30,0.1144,0
2026-08-08 20:30,0.1288,0
2026-08-08 23:30,0.1286,0
2026-08-09 02:30,0.1273,0
2026-08-09 05:30,0.1262,0
2026-08-09 08:30,0.1285,0
2026-08-09 11:30,0.1219,0
2026-08-09 14:30,0.1137,0
2026-08-09 17:30,0.111,0
2026-08-09 20:30,0.1152,0
2026-08-09 23:30,0.1163,0
2026-08-10 02:30,0.1165,0
2026-08-10 05:30,0.1165,0
2026-08-10 08:30,0.1153,0
2026-08-10 11:30,0.1093,0
2026-08-10 14:30,0.1018,0
2026-08-10 17:30,0.0977,0
2026-08-10 20:30,0.0974,0
2026-08-10 23:30,0.0979,0
2026-08-11 02:30,0.0991,0
2026-08-11 05:30,0.1,0
2026-08-11 08:30,0.1012,0
2026-08-11 11:30,0.0977,0
2026-08-11 14:30,0.0946,0
2026-08-11 17:30,0.0894,0
2026-08-11 20:30,0.0904,0
2026-08-11 23:30,0.0911,0
2026-08-12 02:30,0.0926,0
2026-08-12 05:30,0.0933,0
2026-08-12 08:30,0.0885,0
2026-08-12 11:30,0.0854,0
2026-08-12 14:30,0.1073,0
2026-08-12 17:30,0.1428,0
2026-08-12 20:30,0.1776,0
2026-08-12 23:30,0.182,0
2026-08-13 02:30,0.1714,0
2026-08-13 05:30,0.1628,0
2026-08-13 08:30,0.1554,0
2026-08-13 11:30,0.145,0
2026-08-13 14:30,0.1556,0
2026-08-13 17:30,0.1997,0
2026-08-13 20:30,0.2072,0
2026-08-13 23:30,0.1877,0
2026-08-14 02:30,0.1751,0
2026-08-14 05:30,0.1674,0
2026-08-14 08:30,0.1594,0
2026-08-14 11:30,0.1489,0
2026-08-14 14:30,0.1371,0
2026-08-14 17:30,0.1323,0
2026-08-14 20:30,0.1297,0
2026-08-14 23:30,0.1282,0
2026-08-15 02:30,0.1267,0
2026-08-15 05:30,0.1255,0
2026-08-15 08:30,0.1226,0
2026-08-15 11:30,0.1159,0
2026-08-15 14:30,0.1076,0
2026-08-15 17:30,0.1038,0
2026-08-15 20:30,0.1039,0
2026-08-15 23:30,0.1043,0
2026-08-16 02:30,0.1047,0
2026-08-16 05:30,0.105,0
2026-08-16 08:30,0.1036,0
2026-08-16 11:30,0.1,0
2026-08-16 14:30,0.1012,0
2026-08-16 17:30,0.1053,0
2026-08-16 20:30,0.1132,0
2026-08-16 23:30,0.1154,0
2026-08-17 02:30,0.1172,0
2026-08-17 05:30,0.1198,0
2026-08-17 08:30,0.1129,0
2026-08-17 11:30,0.1243,0
2026-08-17 14:30,0.1955,0
2026-08-17 17:30,0.2401,0
2026-08-17 20:30,0.2398,0
2026-08-17 23:30,0.2288,0
2026-08-18 02:30,0.3095,0
2026-08-18 05:30,0.2603,0
2026-08-18 08:30,0.2179,0
2026-08-18 11:30,0.1955,0
2026-08-18 14:30,0.1852,0
2026-08-18 17:30,0.1847,0
2026-08-18 20:30,0.1886,0
2026-08-18 23:30,0.1886,0
2026-08-19 02:30,0.1839,0
2026-08-19 05:30,0.1805,0
2026-08-19 08:30,0.1767,0
2026-08-19 11:30,0.1658,0
2026-08-19 14:30,0.1537,0
2026-08-19 17:30,0.1428,0
2026-08-19 20:30,0.1423,0
2026-08-19 23:30,0.1426,0
2026-08-20 02:30,0.143,0
2026-08-20 05:30,0.1431,0
2026-08-20 08:30,0.1398,0
2026-08-20 11:30,0.1346,0
2026-08-20 14:30,0.1275,0
2026-08-20 17:30,0.1235,0
2026-08-20 20:30,0.1208,0
2026-08-20 23:30,0.1217,0
2026-08-21 02:30,0.1223,0
2026-08-21 05:30,0.123,0
2026-08-21 08:30,0.1231,0
2026-08-21 11:30,0.1201,0
2026-08-21 14:30,0.1158,0
2026-08-21 17:30,0.115,0
2026-08-21 20:30,0.117,0
2026-08-21 23:30,0.1183,0
2026-08-22 02:30,0.1197,0
2026-08-22 05:30,0.1208,0
2026-08-22 08:30,0.1159,0
2026-08-22 11:30,0.1146,0
2026-08-22 14:30,0.1104,0
2026-08-22 17:30,0.1082,0
2026-08-22 20:30,0.1089,0
2026-08-22 23:30,0.1099,0
2026-08-23 02:30,0.1159,0
2026-08-23 05:30,0.1193,0
2026-08-23 08:30,0.1192,0
2026-08-23 11:30,0.1146,0
2026-08-23 14:30,0.1079,0
2026-08-23 17:30,0.1041,0
2026-08-23 20:30,0.1037,0
2026-08-23 23:30,0.1046,0
2026-08-24 02:30,0.1048,0
2026-08-24 05:30,0.1054,0
2026-08-24 08:30,0.1057,0
2026-08-24 11:30,0.102,0
2026-08-24 14:30,0.0966,0
2026-08-24 17:30,0.0942,0
2026-08-24 20:30,0.0944,0
2026-08-24 23:30,0.0955,0
2026-08-25 02:30,0.0974,0
2026-08-25 05:30,0.0992,0
2026-08-25 08:30,0.096,0
2026-08-25 11:30,0.0942,0
2026-08-25 14:30,0.0932,0
2026-08-25 17:30,0.0933,0
2026-08-25 20:30,0.097,0
2026-08-25 23:30,0.0993,0
2026-08-26 02:30,0.1019,0
2026-08-26 05:30,0.1043,0
2026-08-26 08:30,0.1054,0
2026-08-26 11:30,0.102,0
2026-08-26 14:30,0.0966,0
2026-08-26 17:30,0.0946,0
2026-08-26 20:30,0.095,0
2026-08-26 23:30,0.0965,0
2026-08-27 02:30,0.0988,0
2026-08-27 05:30,0.1008,0
2026-08-27 08:30,0.0965,0
2026-08-27 11:30,0.0935,0
2026-08-27 14:30,0.0886,0
2026-08-27 17:30,0.0884,0
2026-08-27 20:30,0.0892,0
2026-08-27 23:30,0.0904,0
2026-08-28 02:30,0.0914,0
2026-08-28 05:30,0.0926,0
2026-08-28 08:30,0.0779,0
2026-08-28 11:30,0.0755,0
2026-08-28 14:30,0.073,0
2026-08-28 17:30,0.0719,0
2026-08-28 20:30,0.0731,0
2026-08-28 23:30,0.0745,0
2026-08-29 02:30,0.0759,0
2026-08-29 05:30,0.0777,0
2026-08-29 08:30,0.0788,0
2026-08-29 11:30,0.0767,0
2026-08-29 14:30,0.0731,0
2026-08-29 17:30,0.0713,0
2026-08-29 20:30,0.072,0
2026-08-29 23:30,0.0737,0
2026-08-30 02:30,0.0755,0
2026-08-30 05:30,0.0774,0
2026-08-30 08:30,0.0783,0
2026-08-30 11:30,0.0767,0
2026-08-30 14:30,0.0759,0
2026-08-30 17:30,0.0779,0
2026-08-30 20:30,0.0798,0
2026-08-30 23:30,0.0819,0
2026-08-31 02:30,0.0835,0
2026-08-31 05:30,0.0855,0
2026-08-31 08:30,0.0868,0
2026-08-31 11:30,0.0857,0
2026-08-31 14:30,0.0838,0
2026-08-31 17:30,0.0837,0
2026-08-31 20:30,0.0848,0
2026-08-31 23:30,0.0871,0
2026-09-01 02:30,0.0888,0
2026-09-01 05:30,0.0894,0
2026-09-01 08:30,0.0898,0
2026-09-01 11:30,0.0877,0
2026-09-01 14:30,0.0851,0
2026-09-01 17:30,0.0849,0
2026-09-01 20:30,0.0859,0
2026-09-01 23:30,0.0874,0
2026-09-02 02:30,0.0887,0
2026-09-02 05:30,0.0899,0
2026-09-02 08:30,0.0844,0
2026-09-02 11:30,0.0822,0
2026-09-02 14:30,0.0795,0
2026-09-02 17:30,0.0786,0
2026-09-02 20:30,0.0774,0
2026-09-02 23:30,0.0785,0
2026-09-03 02:30,0.0794,0
2026-09-03 05:30,0.0812,0
2026-09-03 08:30,0.0822,0
2026-09-03 11:30,0.0803,0
2026-09-03 14:30,0.0775,0
2026-09-03 17:30,0.077,0
2026-09-03 20:30,0.0775,0
2026-09-03 23:30,0.0782,0
2026-09-04 02:30,0.0787,0
2026-09-04 05:30,0.079,0
2026-09-04 08:30,0.0807,0
2026-09-04 11:30,0.0775,0
2026-09-04 14:30,0.0738,0
2026-09-04 17:30,0.0651,0
2026-09-04 20:30,0.0662,0
2026-09-04 23:30,0.0678,0
2026-09-05 02:30,0.0689,0
2026-09-05 05:30,0.071,0
2026-09-05 08:30,0.0628,0
2026-09-05 11:30,0.064,0
2026-09-05 14:30,0.0648,0
2026-09-05 17:30,0.0647,0
2026-09-05 20:30,0.0606,0
2026-09-05 23:30,0.0618,0
2026-09-06 02:30,0.0636,0
2026-09-06 05:30,0.0644,0
2026-09-06 08:30,0.0655,0
2026-09-06 11:30,0.0651,0
2026-09-06 14:30,0.0647,0
2026-09-06 17:30,0.0656,0
2026-09-06 20:30,0.0671,0
2026-09-06 23:30,0.069,0
2026-09-07 02:30,0.0712,0
2026-09-07 05:30,0.0738,0
2026-09-07 08:30,0.0718,0
2026-09-07 11:30,0.0703,0
2026-09-07 14:30,0.0679,0
2026-09-07 17:30,0.0664,0
2026-09-07 20:30,0.0672,0
2026-09-07 23:30,0.0688,0
2026-09-08 02:30,0.0705,0
2026-09-08 05:30,0.0721,0
2026-09-08 08:30,0.0732,0
2026-09-08 11:30,0.0779,0
2026-09-08 14:30,0.1174,0
2026-09-08 17:30,0.1824,0
2026-09-08 20:30,0.2267,0
2026-09-08 23:30,0.2262,0
2026-09-09 02:30,0.2063,0
2026-09-09 05:30,0.1871,0
2026-09-09 08:30,0.1758,0
2026-09-09 11:30,0.1643,0
2026-09-09 14:30,0.1544,0
2026-09-09 17:30,0.1492,0
2026-09-09 20:30,0.1477,0
2026-09-09 23:30,0.1467,0
2026-09-10 02:30,0.1457,0
2026-09-10 05:30,0.1448,0
2026-09-10 08:30,0.1432,0
2026-09-10 11:30,0.1368,0
2026-09-10 14:30,0.1289,0
2026-09-10 17:30,0.1291,0
2026-09-10 20:30,0.1143,0
2026-09-10 23:30,0.1147,0
2026-09-11 02:30,0.1223,0
2026-09-11 05:30,0.1518,0
2026-09-11 08:30,0.1576,0
2026-09-11 11:30,0.1545,0
2026-09-11 14:30,0.1512,0
2026-09-11 17:30,0.1567,0
2026-09-11 20:30,0.1596,0
2026-09-11 23:30,0.1577,0
2026-09-12 02:30,0.1564,0
2026-09-12 05:30,0.1536,0
2026-09-12 08:30,0.141,0
2026-09-12 11:30,0.1368,0
2026-09-12 14:30,0.1403,0
2026-09-12 17:30,0.1472,0
2026-09-12 20:30,0.1457,0
2026-09-12 23:30,0.1441,0
2026-09-13 02:30,0.143,0
2026-09-13 05:30,0.1421,0
2026-09-13 08:30,0.1364,0
2026-09-13 11:30,0.1313,0
2026-09-13 14:30,0.1245,0
2026-09-13 17:30,0.1206,0
2026-09-13 20:30,0.1164,0
2026-09-13 23:30,0.1163,0
2026-09-14 02:30,0.1165,0
2026-09-14 05:30,0.1167,0
2026-09-14 08:30,0.1162,0
2026-09-14 11:30,0.113,0
2026-09-14 14:30,0.1095,0
2026-09-14 17:30,0.1079,0
2026-09-14 20:30,0.1075,0
2026-09-14 23:30,0.1078,0
2026-09-15 02:30,0.1087,0
2026-09-15 05:30,0.109,0
2026-09-15 08:30,0.0999,0
2026-09-15 11:30,0.0987,0
2026-09-15 14:30,0.0956,0
2026-09-15 17:30,0.0906,0
2026-09-15 20:30,0.0859,0
2026-09-15 23:30,0.0868,0
2026-09-16 02:30,0.0885,0
2026-09-16 05:30,0.0905,0
2026-09-16 08:30,0.0919,0
2026-09-16 11:30,0.0902,0
2026-09-16 14:30,0.0879,0
2026-09-16 17:30,0.0874,0
2026-09-16 20:30,0.0887,0
2026-09-16 23:30,0.0904,0
2026-09-17 02:30,0.0921,0
2026-09-17 05:30,0.093,0
2026-09-17 08:30,0.0928,0
2026-09-17 11:30,0.092,0
2026-09-17 14:30,0.0916,0
2026-09-17 17:30,0.0927,0
2026-09-17 20:30,0.0936,0
2026-09-17 23:30,0.0942,0
2026-09-18 02:30,0.0952,0
2026-09-18 05:30,0.0963,0
2026-09-18 08:30,0.0811,0
2026-09-18 11:30,0.0959,0
2026-09-18 14:30,0.1254,0
2026-09-18 17:30,0.1533,0
2026-09-18 20:30,0.1494,0
2026-09-18 23:30,0.1491,0
2026-09-19 02:30,0.1498,0
2026-09-19 05:30,0.149,0
2026-09-19 08:30,0.1469,0
2026-09-19 11:30,0.1412,0
2026-09-19 14:30,0.1383,0
2026-09-19 17:30,0.1417,0
2026-09-19 20:30,0.1445,0
2026-09-19 23:30,0.1438,0
2026-09-20 02:30,0.1427,0
2026-09-20 05:30,0.1414,0
2026-09-20 08:30,0.1312,0
2026-09-20 11:30,0.1278,0
2026-09-20 14:30,0.1296,0
2026-09-20 17:30,0.1327,0
2026-09-20 20:30,0.1362,0
2026-09-20 23:30,0.1364,0
2026-09-21 02:30,0.1359,0
2026-09-21 05:30,0.135,0
2026-09-21 08:30,0.1222,0
2026-09-21 11:30,0.1199,0
2026-09-21 14:30,0.1158,0
2026-09-21 17:30,0.1138,0
2026-09-21 20:30,0.1074,0
2026-09-21 23:30,0.1077,0
2026-09-22 02:30,0.1085,0
2026-09-22 05:30,0.1087,0
2026-09-22 08:30,0.1083,0
2026-09-22 11:30,0.1055,0
2026-09-22 14:30,0.1012,0
2026-09-22 17:30,0.099,0
2026-09-22 20:30,0.0985,0
2026-09-22 23:30,0.0985,0
2026-09-23 02:30,0.0982,0
2026-09-23 05:30,0.0984,0
2026-09-23 08:30,0.0949,0
2026-09-23 11:30,0.093,0
2026-09-23 14:30,0.0902,0
2026-09-23 17:30,0.0868,0
2026-09-23 20:30,0.0872,0
2026-09-23 23:30,0.0882,0
2026-09-24 02:30,0.0895,0
2026-09-24 05:30,0.0904,0
2026-09-24 08:30,0.0913,0
2026-09-24 11:30,0.0904,0
2026-09-24 14:30,0.0881,0
2026-09-24 17:30,0.0882,0
2026-09-24 20:30,0.0897,0
2026-09-24 23:30,0.0905,0
2026-09-25 02:30,0.105,0
2026-09-25 05:30,0.2255,0
2026-09-25 08:30,0.2542,0
2026-09-25 11:30,0.2025,0
2026-09-25 14:30,0.1787,0
2026-09-25 17:30,0.1675,0
2026-09-25 20:30,0.1628,0
2026-09-25 23:30,0.1602,0
2026-09-26 02:30,0.158,0
2026-09-26 05:30,0.1557,0
2026-09-26 08:30,0.1463,0
2026-09-26 11:30,0.1417,0
2026-09-26 14:30,0.1365,0
2026-09-26 17:30,0.1333,0
2026-09-26 20:30,0.1298,0
2026-09-26 23:30,0.1297,0
2026-09-27 02:30,0.1297,0
2026-09-27 05:30,0.1294,0
2026-09-27 08:30,0.1287,0
2026-09-27 11:30,0.1259,0
2026-09-27 14:30,0.1216,0
2026-09-27 17:30,0.119,0
2026-09-27 20:30,0.1186,0
2026-09-27 23:30,0.1189,0
2026-09-28 02:30,0.1189,0
2026-09-28 05:30,0.1188,0
2026-09-28 08:30,0.1065,0
2026-09-28 11:30,0.1045,0
2026-09-28 14:30,0.1011,0
2026-09-28 17:30,0.1021,0
2026-09-28 20:30,0.1031,0
2026-09-28 23:30,0.104,0
2026-09-29 02:30,0.1043,0
2026-09-29 05:30,0.1054,0
2026-09-29 20:30,0.0935,0
